RUN_TIME,MKT_TYPE,TIME_INTERVAL,REGION_NAME,RESOURCE_NAME,RESOURCE_TYPE,COMMODITY_TYPE,MARGINAL_PRICE,
7/15/2026,RTD,7/15/2026 12:05:00 AM,CVIS,05CEDC_U01,G,En,4169.9997,
7/15/2026,RTD,7/15/2026 12:05:00 AM,CVIS,05CEDC_U02,G,En,4169.9997,
7/15/2026 12:05:00 AM,RTD,7/15/2026 12:10:00 AM,CLUZ,03PAGBIL_G01,G,En,4180.30,
7/15/2026 12:05:00 AM,RTD,7/15/2026 12:10:00 AM,CLUZ,03PAGBIL_G02,G,En,4180.30,
7/15/2026 12:15:00 AM,RTD,7/15/2026 12:20:00 AM,CVIS,05CEDC_U01,G,En,4170.0024,
7/15/2026 12:15:00 AM,RTD,7/15/2026 12:20:00 AM,CVIS,05CEDC_U02,G,En,4170.0024,
7/15/2026 12:15:00 AM,RTD,7/15/2026 12:20:00 AM,CVIS,05CEDC_U03,G,En,4170.0024,
7/15/2026 12:20:00 AM,RTD,7/15/2026 12:25:00 AM,CLUZ,03PAGBIL_G03,G,En,4009.27,
7/15/2026 12:25:00 AM,RTD,7/15/2026 12:30:00 AM,CVIS,05CEDC_U01,G,En,4169.9997,
7/15/2026 12:25:00 AM,RTD,7/15/2026 12:30:00 AM,CVIS,05CEDC_U02,G,En,4169.9997,
7/15/2026 12:25:00 AM,RTD,7/15/2026 12:30:00 AM,CVIS,05CEDC_U03,G,En,4169.9997,
7/15/2026 12:30:00 AM,RTD,7/15/2026 12:35:00 AM,CVIS,05CEDC_U01,G,En,4169.9998,
7/15/2026 12:30:00 AM,RTD,7/15/2026 12:35:00 AM,CVIS,05CEDC_U02,G,En,4169.9998,
7/15/2026 12:30:00 AM,RTD,7/15/2026 12:35:00 AM,CVIS,05CEDC_U03,G,En,4169.9998,
7/15/2026 12:35:00 AM,RTD,7/15/2026 12:40:00 AM,CLUZ,03PAGBIL_G01,G,En,3980,
7/15/2026 12:35:00 AM,RTD,7/15/2026 12:40:00 AM,CLUZ,03PAGBIL_G02,G,En,3980,
7/15/2026 12:40:00 AM,RTD,7/15/2026 12:45:00 AM,CLUZ,03PAGBIL_G01,G,En,3980,
7/15/2026 12:40:00 AM,RTD,7/15/2026 12:45:00 AM,CLUZ,03PAGBIL_G02,G,En,3980,
7/15/2026 12:40:00 AM,RTD,7/15/2026 12:45:00 AM,CVIS,08PEDC_U03,G,En,4160,
7/15/2026 12:45:00 AM,RTD,7/15/2026 12:50:00 AM,CLUZ,03PAGBIL_G01,G,En,3980,
7/15/2026 12:45:00 AM,RTD,7/15/2026 12:50:00 AM,CLUZ,03PAGBIL_G02,G,En,3980,
7/15/2026 12:50:00 AM,RTD,7/15/2026 12:55:00 AM,CLUZ,03PAGBIL_G01,G,En,3980,
7/15/2026 12:50:00 AM,RTD,7/15/2026 12:55:00 AM,CLUZ,03PAGBIL_G02,G,En,3980,
7/15/2026 12:55:00 AM,RTD,7/15/2026 1:00:00 AM,CLUZ,03PAGBIL_G01,G,En,3980,
7/15/2026 12:55:00 AM,RTD,7/15/2026 1:00:00 AM,CLUZ,03PAGBIL_G02,G,En,3980,
7/15/2026 1:00:00 AM,RTD,7/15/2026 1:05:00 AM,CMIN,10GNPK_U01,G,En,4500,
7/15/2026 1:00:00 AM,RTD,7/15/2026 1:05:00 AM,CMIN,10GNPK_U02,G,En,4500,
7/15/2026 1:00:00 AM,RTD,7/15/2026 1:05:00 AM,CMIN,10GNPK_U03,G,En,4500,
7/15/2026 1:00:00 AM,RTD,7/15/2026 1:05:00 AM,CMIN,10GNPK_U04,G,En,4500,
7/15/2026 1:05:00 AM,RTD,7/15/2026 1:10:00 AM,CLUZ,03PAGBIL_G03,G,En,4009.26,
7/15/2026 1:05:00 AM,RTD,7/15/2026 1:10:00 AM,CVIS,05CEDC_U01,G,En,4170.0002,
7/15/2026 1:05:00 AM,RTD,7/15/2026 1:10:00 AM,CVIS,05CEDC_U02,G,En,4170.0002,
7/15/2026 1:10:00 AM,RTD,7/15/2026 1:15:00 AM,CMIN,10GNPK_U01,G,En,3500,
7/15/2026 1:10:00 AM,RTD,7/15/2026 1:15:00 AM,CMIN,10GNPK_U02,G,En,3500,
7/15/2026 1:10:00 AM,RTD,7/15/2026 1:15:00 AM,CMIN,10GNPK_U03,G,En,3500,
7/15/2026 1:10:00 AM,RTD,7/15/2026 1:15:00 AM,CMIN,10GNPK_U04,G,En,3500,
7/15/2026 1:15:00 AM,RTD,7/15/2026 1:20:00 AM,CMIN,10GNPK_U01,G,En,3500,
7/15/2026 1:15:00 AM,RTD,7/15/2026 1:20:00 AM,CMIN,10GNPK_U02,G,En,3500,
7/15/2026 1:15:00 AM,RTD,7/15/2026 1:20:00 AM,CMIN,10GNPK_U03,G,En,3500,
7/15/2026 1:15:00 AM,RTD,7/15/2026 1:20:00 AM,CMIN,10GNPK_U04,G,En,3500,
7/15/2026 1:20:00 AM,RTD,7/15/2026 1:25:00 AM,CMIN,11FDC_U02,G,En,3149.20,
7/15/2026 1:25:00 AM,RTD,7/15/2026 1:30:00 AM,CMIN,14SARANG_U01,G,En,3938,
7/15/2026 1:30:00 AM,RTD,7/15/2026 1:35:00 AM,CLUZ,03QPPL_G01,G,En,4450,
7/15/2026 1:35:00 AM,RTD,7/15/2026 1:40:00 AM,CVIS,05CEDC_U01,G,En,4170,
7/15/2026 1:35:00 AM,RTD,7/15/2026 1:40:00 AM,CVIS,05CEDC_U02,G,En,4170,
7/15/2026 1:35:00 AM,RTD,7/15/2026 1:40:00 AM,CVIS,05CEDC_U03,G,En,4170,
7/15/2026 1:40:00 AM,RTD,7/15/2026 1:45:00 AM,CLUZ,03PAGBIL_G03,G,En,4009.26,
7/15/2026 1:45:00 AM,RTD,7/15/2026 1:50:00 AM,CLUZ,03PAGBIL_G03,G,En,4009.26,
7/15/2026 1:50:00 AM,RTD,7/15/2026 1:55:00 AM,CMIN,10GNPK_U01,G,En,3500,
7/15/2026 1:50:00 AM,RTD,7/15/2026 1:55:00 AM,CMIN,10GNPK_U02,G,En,3500,
7/15/2026 1:50:00 AM,RTD,7/15/2026 1:55:00 AM,CMIN,10GNPK_U03,G,En,3500,
7/15/2026 1:50:00 AM,RTD,7/15/2026 1:55:00 AM,CMIN,10GNPK_U04,G,En,3500,
7/15/2026 1:55:00 AM,RTD,7/15/2026 2:00:00 AM,CMIN,10GNPK_U01,G,En,3500,
7/15/2026 1:55:00 AM,RTD,7/15/2026 2:00:00 AM,CMIN,10GNPK_U02,G,En,3500,
7/15/2026 1:55:00 AM,RTD,7/15/2026 2:00:00 AM,CMIN,10GNPK_U03,G,En,3500,
7/15/2026 1:55:00 AM,RTD,7/15/2026 2:00:00 AM,CMIN,10GNPK_U04,G,En,3500,
7/15/2026 2:00:00 AM,RTD,7/15/2026 2:05:00 AM,CLUZ,03PAGBIL_G01,G,En,4180.30,
7/15/2026 2:00:00 AM,RTD,7/15/2026 2:05:00 AM,CLUZ,03PAGBIL_G02,G,En,4180.30,
7/15/2026 2:05:00 AM,RTD,7/15/2026 2:10:00 AM,CVIS,08PEDC_U03,G,En,4160,
7/15/2026 2:10:00 AM,RTD,7/15/2026 2:15:00 AM,CMIN,10GNPK_U01,G,En,3500,
7/15/2026 2:10:00 AM,RTD,7/15/2026 2:15:00 AM,CMIN,10GNPK_U02,G,En,3500,
7/15/2026 2:10:00 AM,RTD,7/15/2026 2:15:00 AM,CMIN,10GNPK_U03,G,En,3500,
7/15/2026 2:10:00 AM,RTD,7/15/2026 2:15:00 AM,CMIN,10GNPK_U04,G,En,3500,
7/15/2026 2:15:00 AM,RTD,7/15/2026 2:20:00 AM,CLUZ,03PAGBIL_G03,G,En,3585.60,
7/15/2026 2:20:00 AM,RTD,7/15/2026 2:25:00 AM,CMIN,14SARANG_U01,G,En,3682,
7/15/2026 2:25:00 AM,RTD,7/15/2026 2:30:00 AM,CMIN,14SARANG_U01,G,En,3682,
7/15/2026 2:30:00 AM,RTD,7/15/2026 2:35:00 AM,CMIN,14SARANG_U02,G,En,3609,
7/15/2026 2:35:00 AM,RTD,7/15/2026 2:40:00 AM,CMIN,10GNPK_U01,G,En,3500,
7/15/2026 2:35:00 AM,RTD,7/15/2026 2:40:00 AM,CMIN,10GNPK_U02,G,En,3500,
7/15/2026 2:35:00 AM,RTD,7/15/2026 2:40:00 AM,CMIN,10GNPK_U03,G,En,3500,
7/15/2026 2:35:00 AM,RTD,7/15/2026 2:40:00 AM,CMIN,10GNPK_U04,G,En,3500,
7/15/2026 2:40:00 AM,RTD,7/15/2026 2:45:00 AM,CMIN,10GNPK_U01,G,En,3260.50,
7/15/2026 2:40:00 AM,RTD,7/15/2026 2:45:00 AM,CMIN,10GNPK_U02,G,En,3260.50,
7/15/2026 2:40:00 AM,RTD,7/15/2026 2:45:00 AM,CMIN,10GNPK_U03,G,En,3260.50,
7/15/2026 2:40:00 AM,RTD,7/15/2026 2:45:00 AM,CMIN,10GNPK_U04,G,En,3260.50,
7/15/2026 2:45:00 AM,RTD,7/15/2026 2:50:00 AM,CMIN,10GNPK_U01,G,En,3260.50,
7/15/2026 2:45:00 AM,RTD,7/15/2026 2:50:00 AM,CMIN,10GNPK_U02,G,En,3260.50,
7/15/2026 2:45:00 AM,RTD,7/15/2026 2:50:00 AM,CMIN,10GNPK_U03,G,En,3260.50,
7/15/2026 2:45:00 AM,RTD,7/15/2026 2:50:00 AM,CMIN,10GNPK_U04,G,En,3260.50,
7/15/2026 2:50:00 AM,RTD,7/15/2026 2:55:00 AM,CMIN,10GNPK_U01,G,En,3260.50,
7/15/2026 2:50:00 AM,RTD,7/15/2026 2:55:00 AM,CMIN,10GNPK_U02,G,En,3260.50,
7/15/2026 2:50:00 AM,RTD,7/15/2026 2:55:00 AM,CMIN,10GNPK_U03,G,En,3260.50,
7/15/2026 2:55:00 AM,RTD,7/15/2026 3:00:00 AM,CMIN,10GNPK_U01,G,En,3260.50,
7/15/2026 2:55:00 AM,RTD,7/15/2026 3:00:00 AM,CMIN,10GNPK_U02,G,En,3260.50,
7/15/2026 2:55:00 AM,RTD,7/15/2026 3:00:00 AM,CMIN,10GNPK_U03,G,En,3260.50,
7/15/2026 3:00:00 AM,RTD,7/15/2026 3:05:00 AM,CMIN,11FDC_U02,G,En,3149.20,
7/15/2026 3:05:00 AM,RTD,7/15/2026 3:10:00 AM,CLUZ,03QPPL_G01,G,En,3230,
7/15/2026 3:10:00 AM,RTD,7/15/2026 3:15:00 AM,CLUZ,01APEC_G01,G,En,3330,
7/15/2026 3:15:00 AM,RTD,7/15/2026 3:20:00 AM,CLUZ,01AMBUK_U02,G,En,0,
7/15/2026 3:15:00 AM,RTD,7/15/2026 3:20:00 AM,CLUZ,01BINGA_U01,G,En,0,
7/15/2026 3:15:00 AM,RTD,7/15/2026 3:20:00 AM,CLUZ,01BINGA_U02,G,En,0,
7/15/2026 3:15:00 AM,RTD,7/15/2026 3:20:00 AM,CLUZ,01BINGA_U03,G,En,0,
7/15/2026 3:15:00 AM,RTD,7/15/2026 3:20:00 AM,CLUZ,01BINGA_U04,G,En,0,
7/15/2026 3:15:00 AM,RTD,7/15/2026 3:20:00 AM,CLUZ,01MARVEL_G01,G,En,0,
7/15/2026 3:20:00 AM,RTD,7/15/2026 3:25:00 AM,CMIN,10GNPK_U01,G,En,3220.60,
7/15/2026 3:20:00 AM,RTD,7/15/2026 3:25:00 AM,CMIN,10GNPK_U02,G,En,3220.60,
7/15/2026 3:25:00 AM,RTD,7/15/2026 3:30:00 AM,CMIN,10GNPK_U01,G,En,3220.60,
7/15/2026 3:25:00 AM,RTD,7/15/2026 3:30:00 AM,CMIN,10GNPK_U02,G,En,3220.60,
7/15/2026 3:30:00 AM,RTD,7/15/2026 3:35:00 AM,CMIN,10GNPK_U01,G,En,3220.60,
7/15/2026 3:30:00 AM,RTD,7/15/2026 3:35:00 AM,CMIN,10GNPK_U02,G,En,3220.60,
7/15/2026 3:40:00 AM,RTD,7/15/2026 3:45:00 AM,CLUZ,01APEC_G01,G,En,3330,
7/15/2026 3:45:00 AM,RTD,7/15/2026 3:50:00 AM,CMIN,14SARANG_U01,G,En,3938,
7/15/2026 3:50:00 AM,RTD,7/15/2026 3:55:00 AM,CLUZ,03PAGBIL_G03,G,En,3585.60,
7/15/2026 3:55:00 AM,RTD,7/15/2026 4:00:00 AM,CLUZ,03PAGBIL_G03,G,En,3585.60,
7/15/2026 4:00:00 AM,RTD,7/15/2026 4:05:00 AM,CVIS,08PEDC_U01,G,En,4510,
7/15/2026 4:00:00 AM,RTD,7/15/2026 4:05:00 AM,CVIS,08PEDC_U02,G,En,4510,
7/15/2026 4:05:00 AM,RTD,7/15/2026 4:10:00 AM,CLUZ,03STA-RI_G05,G,En,7080.90,
7/15/2026 4:05:00 AM,RTD,7/15/2026 4:10:00 AM,CLUZ,03STA-RI_G06,G,En,7080.90,
7/15/2026 4:10:00 AM,RTD,7/15/2026 4:15:00 AM,CMIN,10GNPK_U01,G,En,5000,
7/15/2026 4:10:00 AM,RTD,7/15/2026 4:15:00 AM,CMIN,10GNPK_U02,G,En,5000,
7/15/2026 4:10:00 AM,RTD,7/15/2026 4:15:00 AM,CMIN,10GNPK_U03,G,En,5000,
7/15/2026 4:10:00 AM,RTD,7/15/2026 4:15:00 AM,CMIN,10GNPK_U04,G,En,5000,
7/15/2026 4:15:00 AM,RTD,7/15/2026 4:20:00 AM,CVIS,08PEDC_U01,G,En,4510,
7/15/2026 4:15:00 AM,RTD,7/15/2026 4:20:00 AM,CVIS,08PEDC_U02,G,En,4510,
7/15/2026 4:20:00 AM,RTD,7/15/2026 4:25:00 AM,CVIS,05CEDC_U01,G,En,4170,
7/15/2026 4:20:00 AM,RTD,7/15/2026 4:25:00 AM,CVIS,05CEDC_U02,G,En,4170,
7/15/2026 4:20:00 AM,RTD,7/15/2026 4:25:00 AM,CVIS,05CEDC_U03,G,En,4170,
7/15/2026 4:25:00 AM,RTD,7/15/2026 4:30:00 AM,CVIS,05TPC_G02,G,En,4240,
7/15/2026 4:30:00 AM,RTD,7/15/2026 4:35:00 AM,CLUZ,03PAGBIL_G03,G,En,4009.26,
7/15/2026 4:35:00 AM,RTD,7/15/2026 4:40:00 AM,CVIS,05CEDC_U01,G,En,4169.9997,
7/15/2026 4:35:00 AM,RTD,7/15/2026 4:40:00 AM,CVIS,05CEDC_U02,G,En,4169.9997,
7/15/2026 4:40:00 AM,RTD,7/15/2026 4:45:00 AM,CVIS,05CEDC_U01,G,En,4170.0003,
7/15/2026 4:40:00 AM,RTD,7/15/2026 4:45:00 AM,CVIS,05CEDC_U02,G,En,4170.0003,
7/15/2026 4:40:00 AM,RTD,7/15/2026 4:45:00 AM,CVIS,05CEDC_U03,G,En,4170.0003,
7/15/2026 4:45:00 AM,RTD,7/15/2026 4:50:00 AM,CVIS,08PEDC_U03,G,En,4160,
7/15/2026 4:50:00 AM,RTD,7/15/2026 4:55:00 AM,CVIS,05CEDC_U01,G,En,4170,
7/15/2026 4:50:00 AM,RTD,7/15/2026 4:55:00 AM,CVIS,05CEDC_U02,G,En,4170,
7/15/2026 4:50:00 AM,RTD,7/15/2026 4:55:00 AM,CVIS,05CEDC_U03,G,En,4170,
7/15/2026 4:55:00 AM,RTD,7/15/2026 5:00:00 AM,CVIS,08PEDC_U03,G,En,4160,
7/15/2026 5:00:00 AM,RTD,7/15/2026 5:05:00 AM,CLUZ,03PAGBIL_G01,G,En,4180.30,
7/15/2026 5:00:00 AM,RTD,7/15/2026 5:05:00 AM,CLUZ,03PAGBIL_G02,G,En,4180.30,
7/15/2026 5:05:00 AM,RTD,7/15/2026 5:10:00 AM,CLUZ,03QPPL_G01,G,En,4500,
7/15/2026 5:10:00 AM,RTD,7/15/2026 5:15:00 AM,CMIN,10GNPK_U01,G,En,4500,
7/15/2026 5:10:00 AM,RTD,7/15/2026 5:15:00 AM,CMIN,10GNPK_U02,G,En,4500,
7/15/2026 5:10:00 AM,RTD,7/15/2026 5:15:00 AM,CMIN,10GNPK_U03,G,En,4500,
7/15/2026 5:10:00 AM,RTD,7/15/2026 5:15:00 AM,CMIN,10GNPK_U04,G,En,4500,
7/15/2026 5:15:00 AM,RTD,7/15/2026 5:20:00 AM,CVIS,08PEDC_U01,G,En,4510,
7/15/2026 5:15:00 AM,RTD,7/15/2026 5:20:00 AM,CVIS,08PEDC_U02,G,En,4510,
7/15/2026 5:20:00 AM,RTD,7/15/2026 5:25:00 AM,CVIS,08PEDC_U01,G,En,4510,
7/15/2026 5:25:00 AM,RTD,7/15/2026 5:30:00 AM,CVIS,08PEDC_U01,G,En,4510,
7/15/2026 5:25:00 AM,RTD,7/15/2026 5:30:00 AM,CVIS,08PEDC_U02,G,En,4510,
7/15/2026 5:30:00 AM,RTD,7/15/2026 5:35:00 AM,CLUZ,03PAGBIL_G01,G,En,4180.30,
7/15/2026 5:30:00 AM,RTD,7/15/2026 5:35:00 AM,CLUZ,03PAGBIL_G02,G,En,4180.30,
7/15/2026 5:35:00 AM,RTD,7/15/2026 5:40:00 AM,CVIS,08PEDC_U01,G,En,4510,
7/15/2026 5:35:00 AM,RTD,7/15/2026 5:40:00 AM,CVIS,08PEDC_U02,G,En,4510,
7/15/2026 5:40:00 AM,RTD,7/15/2026 5:45:00 AM,CVIS,05CEDC_U01,G,En,4169.9996,
7/15/2026 5:40:00 AM,RTD,7/15/2026 5:45:00 AM,CVIS,05CEDC_U02,G,En,4169.9996,
7/15/2026 5:40:00 AM,RTD,7/15/2026 5:45:00 AM,CVIS,05CEDC_U03,G,En,4169.9996,
7/15/2026 5:45:00 AM,RTD,7/15/2026 5:50:00 AM,CMIN,10GNPK_U01,G,En,3500,
7/15/2026 5:45:00 AM,RTD,7/15/2026 5:50:00 AM,CMIN,10GNPK_U02,G,En,3500,
7/15/2026 5:45:00 AM,RTD,7/15/2026 5:50:00 AM,CMIN,10GNPK_U03,G,En,3500,
7/15/2026 5:45:00 AM,RTD,7/15/2026 5:50:00 AM,CMIN,10GNPK_U04,G,En,3500,
7/15/2026 5:50:00 AM,RTD,7/15/2026 5:55:00 AM,CMIN,14SARANG_U01,G,En,3682,
7/15/2026 6:00:00 AM,RTD,7/15/2026 6:05:00 AM,CMIN,11FDC_U03,G,En,3159.20,
7/15/2026 6:05:00 AM,RTD,7/15/2026 6:10:00 AM,CMIN,14SARANG_U01,G,En,3682,
7/15/2026 6:10:00 AM,RTD,7/15/2026 6:15:00 AM,CMIN,11FDC_U03,G,En,3159.20,
7/15/2026 6:15:00 AM,RTD,7/15/2026 6:20:00 AM,CLUZ,03PAGBIL_G01,G,En,3980,
7/15/2026 6:15:00 AM,RTD,7/15/2026 6:20:00 AM,CLUZ,03PAGBIL_G02,G,En,3980,
7/15/2026 6:20:00 AM,RTD,7/15/2026 6:25:00 AM,CLUZ,01GNPD_U01,G,En,2623.36,
7/15/2026 6:20:00 AM,RTD,7/15/2026 6:25:00 AM,CLUZ,01GNPD_U02,G,En,2623.36,
7/15/2026 6:25:00 AM,RTD,7/15/2026 6:30:00 AM,CLUZ,01AMBUK_U03,G,En,101,
7/15/2026 6:30:00 AM,RTD,7/15/2026 6:35:00 AM,CLUZ,01MARVEL_G01,G,En,0,
7/15/2026 6:30:00 AM,RTD,7/15/2026 6:35:00 AM,CVIS,06PAL2A_U03,G,En,0,
7/15/2026 6:35:00 AM,RTD,7/15/2026 6:40:00 AM,CLUZ,03PAGBIL_G01,G,En,-1,
7/15/2026 6:35:00 AM,RTD,7/15/2026 6:40:00 AM,CLUZ,03PAGBIL_G02,G,En,-1,
7/15/2026 6:35:00 AM,RTD,7/15/2026 6:40:00 AM,CVIS,05EAUC_U02,G,En,-1,
7/15/2026 6:40:00 AM,RTD,7/15/2026 6:45:00 AM,CLUZ,03PAGBIL_G01,G,En,-0.9559,
7/15/2026 6:40:00 AM,RTD,7/15/2026 6:45:00 AM,CLUZ,03PAGBIL_G02,G,En,-0.9559,
7/15/2026 6:40:00 AM,RTD,7/15/2026 6:45:00 AM,CVIS,05EAUC_U02,G,En,-0.9853,
7/15/2026 6:40:00 AM,RTD,7/15/2026 6:45:00 AM,CMIN,13DCPP_U01,G,En,-1,
7/15/2026 6:40:00 AM,RTD,7/15/2026 6:45:00 AM,CMIN,13DCPP_U02,G,En,-1,
7/15/2026 6:45:00 AM,RTD,7/15/2026 6:50:00 AM,CLUZ,03PAGBIL_G01,G,En,-0.9595,
7/15/2026 6:45:00 AM,RTD,7/15/2026 6:50:00 AM,CLUZ,03PAGBIL_G02,G,En,-0.9595,
7/15/2026 6:45:00 AM,RTD,7/15/2026 6:50:00 AM,CVIS,05EAUC_U02,G,En,-0.9890,
7/15/2026 6:45:00 AM,RTD,7/15/2026 6:50:00 AM,CMIN,13DCPP_U01,G,En,-1,
7/15/2026 6:45:00 AM,RTD,7/15/2026 6:50:00 AM,CMIN,13DCPP_U02,G,En,-1,
7/15/2026 6:50:00 AM,RTD,7/15/2026 6:55:00 AM,CLUZ,01AMBUK_U02,G,En,0,
7/15/2026 6:50:00 AM,RTD,7/15/2026 6:55:00 AM,CLUZ,01MARVEL_G01,G,En,0,
7/15/2026 6:55:00 AM,RTD,7/15/2026 7:00:00 AM,CLUZ,01AMBUK_U02,G,En,0,
7/15/2026 6:55:00 AM,RTD,7/15/2026 7:00:00 AM,CLUZ,01BINGA_U01,G,En,0,
7/15/2026 6:55:00 AM,RTD,7/15/2026 7:00:00 AM,CLUZ,01BINGA_U02,G,En,0,
7/15/2026 6:55:00 AM,RTD,7/15/2026 7:00:00 AM,CLUZ,01BINGA_U03,G,En,0,
7/15/2026 6:55:00 AM,RTD,7/15/2026 7:00:00 AM,CLUZ,01BINGA_U04,G,En,0,
7/15/2026 6:55:00 AM,RTD,7/15/2026 7:00:00 AM,CLUZ,01MARVEL_G01,G,En,0,
7/15/2026 7:00:00 AM,RTD,7/15/2026 7:05:00 AM,CLUZ,01AMBUK_U03,G,En,101,
7/15/2026 7:05:00 AM,RTD,7/15/2026 7:10:00 AM,CMIN,10GNPK_U03,G,En,3220.6005,
7/15/2026 7:05:00 AM,RTD,7/15/2026 7:10:00 AM,CMIN,10GNPK_U04,G,En,3220.6005,
7/15/2026 7:10:00 AM,RTD,7/15/2026 7:15:00 AM,CMIN,10GNPK_U01,G,En,3180.70,
7/15/2026 7:10:00 AM,RTD,7/15/2026 7:15:00 AM,CMIN,10GNPK_U02,G,En,3180.70,
7/15/2026 7:15:00 AM,RTD,7/15/2026 7:20:00 AM,CMIN,11FDC_U02,G,En,3144.20,
7/15/2026 7:20:00 AM,RTD,7/15/2026 7:25:00 AM,CLUZ,03PAGBIL_G01,G,En,3980,
7/15/2026 7:20:00 AM,RTD,7/15/2026 7:25:00 AM,CLUZ,03PAGBIL_G02,G,En,3980,
7/15/2026 7:25:00 AM,RTD,7/15/2026 7:30:00 AM,CLUZ,01GNPD_U02,G,En,2623.36,
7/15/2026 7:30:00 AM,RTD,7/15/2026 7:35:00 AM,CMIN,10GNPK_U01,G,En,3180.70,
7/15/2026 7:30:00 AM,RTD,7/15/2026 7:35:00 AM,CMIN,10GNPK_U02,G,En,3180.70,
7/15/2026 7:35:00 AM,RTD,7/15/2026 7:40:00 AM,CLUZ,01GNPD_U02,G,En,2623.36,
7/15/2026 7:40:00 AM,RTD,7/15/2026 7:45:00 AM,CLUZ,01SUAL_G01,G,En,3400.08,
7/15/2026 7:45:00 AM,RTD,7/15/2026 7:50:00 AM,CLUZ,03PAGBIL_G03,G,En,2768.64,
7/15/2026 7:50:00 AM,RTD,7/15/2026 7:55:00 AM,CVIS,08PEDC_U03,G,En,4160,
7/15/2026 7:55:00 AM,RTD,7/15/2026 8:00:00 AM,CVIS,08PEDC_U01,G,En,4510,
7/15/2026 7:55:00 AM,RTD,7/15/2026 8:00:00 AM,CVIS,08PEDC_U02,G,En,4510,
7/15/2026 8:00:00 AM,RTD,7/15/2026 8:05:00 AM,CMIN,10GNPK_U01,G,En,3180.70,
7/15/2026 8:00:00 AM,RTD,7/15/2026 8:05:00 AM,CMIN,10GNPK_U02,G,En,3180.70,
7/15/2026 8:05:00 AM,RTD,7/15/2026 8:10:00 AM,CLUZ,03PAGBIL_G01,G,En,3980,
7/15/2026 8:05:00 AM,RTD,7/15/2026 8:10:00 AM,CLUZ,03PAGBIL_G02,G,En,3980,
7/15/2026 8:05:00 AM,RTD,7/15/2026 8:10:00 AM,CVIS,05TPC_G02,G,En,4240,
7/15/2026 8:10:00 AM,RTD,7/15/2026 8:15:00 AM,CLUZ,01SUAL_G01,G,En,3400.08,
7/15/2026 8:10:00 AM,RTD,7/15/2026 8:15:00 AM,CVIS,08PEDC_U01,G,En,4510,
7/15/2026 8:10:00 AM,RTD,7/15/2026 8:15:00 AM,CVIS,08PEDC_U02,G,En,4510,
7/15/2026 8:15:00 AM,RTD,7/15/2026 8:20:00 AM,CLUZ,03PAGBIL_G01,G,En,3980,
7/15/2026 8:15:00 AM,RTD,7/15/2026 8:20:00 AM,CLUZ,03PAGBIL_G02,G,En,3980,
7/15/2026 8:15:00 AM,RTD,7/15/2026 8:20:00 AM,CVIS,05CEDC_U01,G,En,4170.0002,
7/15/2026 8:15:00 AM,RTD,7/15/2026 8:20:00 AM,CVIS,05CEDC_U02,G,En,4170.0002,
7/15/2026 8:15:00 AM,RTD,7/15/2026 8:20:00 AM,CVIS,05CEDC_U03,G,En,4170.0002,
7/15/2026 8:20:00 AM,RTD,7/15/2026 8:25:00 AM,CVIS,05CEDC_U01,G,En,4169.9998,
7/15/2026 8:20:00 AM,RTD,7/15/2026 8:25:00 AM,CVIS,05CEDC_U02,G,En,4169.9998,
7/15/2026 8:20:00 AM,RTD,7/15/2026 8:25:00 AM,CVIS,05CEDC_U03,G,En,4169.9998,
7/15/2026 8:25:00 AM,RTD,7/15/2026 8:30:00 AM,CVIS,05CEDC_U01,G,En,4170.0002,
7/15/2026 8:25:00 AM,RTD,7/15/2026 8:30:00 AM,CVIS,05CEDC_U02,G,En,4170.0002,
7/15/2026 8:25:00 AM,RTD,7/15/2026 8:30:00 AM,CVIS,05CEDC_U03,G,En,4170.0002,
7/15/2026 8:30:00 AM,RTD,7/15/2026 8:35:00 AM,CLUZ,03PAGBIL_G01,G,En,4180.30,
7/15/2026 8:30:00 AM,RTD,7/15/2026 8:35:00 AM,CLUZ,03PAGBIL_G02,G,En,4180.30,
7/15/2026 8:35:00 AM,RTD,7/15/2026 8:40:00 AM,CLUZ,03PAGBIL_G01,G,En,3980,
7/15/2026 8:35:00 AM,RTD,7/15/2026 8:40:00 AM,CLUZ,03PAGBIL_G02,G,En,3980,
7/15/2026 8:35:00 AM,RTD,7/15/2026 8:40:00 AM,CVIS,05CEDC_U01,G,En,4169.9998,
7/15/2026 8:35:00 AM,RTD,7/15/2026 8:40:00 AM,CVIS,05CEDC_U02,G,En,4169.9998,
7/15/2026 8:35:00 AM,RTD,7/15/2026 8:40:00 AM,CVIS,05CEDC_U03,G,En,4169.9998,
7/15/2026 8:40:00 AM,RTD,7/15/2026 8:45:00 AM,CLUZ,01GNPD_U01,G,En,2623.36,
7/15/2026 8:40:00 AM,RTD,7/15/2026 8:45:00 AM,CLUZ,01GNPD_U02,G,En,2623.36,
7/15/2026 8:40:00 AM,RTD,7/15/2026 8:45:00 AM,CVIS,08PEDC_U01,G,En,4510,
7/15/2026 8:40:00 AM,RTD,7/15/2026 8:45:00 AM,CVIS,08PEDC_U02,G,En,4510,
7/15/2026 8:45:00 AM,RTD,7/15/2026 8:50:00 AM,CLUZ,03PAGBIL_G03,G,En,3585.60,
7/15/2026 8:45:00 AM,RTD,7/15/2026 8:50:00 AM,CVIS,08PEDC_U01,G,En,4510,
7/15/2026 8:45:00 AM,RTD,7/15/2026 8:50:00 AM,CVIS,08PEDC_U02,G,En,4510,
7/15/2026 8:50:00 AM,RTD,7/15/2026 8:55:00 AM,CLUZ,01SUAL_G01,G,En,3400.08,
7/15/2026 8:50:00 AM,RTD,7/15/2026 8:55:00 AM,CVIS,08PEDC_U01,G,En,4510,
7/15/2026 8:50:00 AM,RTD,7/15/2026 8:55:00 AM,CVIS,08PEDC_U02,G,En,4510,
7/15/2026 8:55:00 AM,RTD,7/15/2026 9:00:00 AM,CLUZ,03PAGBIL_G03,G,En,3585.60,
7/15/2026 9:00:00 AM,RTD,7/15/2026 9:05:00 AM,CLUZ,03STA-RI_G02,G,En,-10000,
7/15/2026 9:00:00 AM,RTD,7/15/2026 9:05:00 AM,CLUZ,03STA-RI_G03,G,En,-10000,
7/15/2026 9:00:00 AM,RTD,7/15/2026 9:05:00 AM,CLUZ,03STA-RI_G04,G,En,-10000,
7/15/2026 9:00:00 AM,RTD,7/15/2026 9:05:00 AM,CLUZ,03STA-RI_G05,G,En,-10000,
7/15/2026 9:00:00 AM,RTD,7/15/2026 9:05:00 AM,CLUZ,03STA-RI_G06,G,En,-10000,
7/15/2026 9:00:00 AM,RTD,7/15/2026 9:05:00 AM,CMIN,11FDC_U02,G,En,3149.20,
7/15/2026 9:05:00 AM,RTD,7/15/2026 9:10:00 AM,CLUZ,03QPPL_G01,G,En,2330,
7/15/2026 9:05:00 AM,RTD,7/15/2026 9:10:00 AM,CVIS,05CEDC_U01,G,En,4170.0004,
7/15/2026 9:05:00 AM,RTD,7/15/2026 9:10:00 AM,CVIS,05CEDC_U02,G,En,4170.0004,
7/15/2026 9:05:00 AM,RTD,7/15/2026 9:10:00 AM,CVIS,05CEDC_U03,G,En,4170.0004,
7/15/2026 9:10:00 AM,RTD,7/15/2026 9:15:00 AM,CLUZ,03PAGBIL_G01,G,En,3980,
7/15/2026 9:10:00 AM,RTD,7/15/2026 9:15:00 AM,CLUZ,03PAGBIL_G02,G,En,3980,
7/15/2026 9:15:00 AM,RTD,7/15/2026 9:20:00 AM,CLUZ,03PAGBIL_G01,G,En,3980,
7/15/2026 9:15:00 AM,RTD,7/15/2026 9:20:00 AM,CLUZ,03PAGBIL_G02,G,En,3980,
7/15/2026 9:20:00 AM,RTD,7/15/2026 9:25:00 AM,CLUZ,03PAGBIL_G03,G,En,3585.60,
7/15/2026 9:20:00 AM,RTD,7/15/2026 9:25:00 AM,CVIS,05CEDC_U01,G,En,4170,
7/15/2026 9:20:00 AM,RTD,7/15/2026 9:25:00 AM,CVIS,05CEDC_U02,G,En,4170,
7/15/2026 9:20:00 AM,RTD,7/15/2026 9:25:00 AM,CVIS,05CEDC_U03,G,En,4170,
7/15/2026 9:25:00 AM,RTD,7/15/2026 9:30:00 AM,CLUZ,03PAGBIL_G01,G,En,3980,
7/15/2026 9:25:00 AM,RTD,7/15/2026 9:30:00 AM,CLUZ,03PAGBIL_G02,G,En,3980,
7/15/2026 9:25:00 AM,RTD,7/15/2026 9:30:00 AM,CVIS,05CEDC_U02,G,En,4170.0009,
7/15/2026 9:25:00 AM,RTD,7/15/2026 9:30:00 AM,CVIS,05CEDC_U03,G,En,4170.0009,
7/15/2026 9:30:00 AM,RTD,7/15/2026 9:35:00 AM,CLUZ,03PAGBIL_G01,G,En,3980,
7/15/2026 9:30:00 AM,RTD,7/15/2026 9:35:00 AM,CLUZ,03PAGBIL_G02,G,En,3980,
7/15/2026 9:30:00 AM,RTD,7/15/2026 9:35:00 AM,CVIS,08PEDC_U01,G,En,4510,
7/15/2026 9:30:00 AM,RTD,7/15/2026 9:35:00 AM,CVIS,08PEDC_U02,G,En,4510,
7/15/2026 9:35:00 AM,RTD,7/15/2026 9:40:00 AM,CLUZ,03PAGBIL_G01,G,En,3980,
7/15/2026 9:35:00 AM,RTD,7/15/2026 9:40:00 AM,CLUZ,03PAGBIL_G02,G,En,3980,
7/15/2026 9:35:00 AM,RTD,7/15/2026 9:40:00 AM,CVIS,05TPC_G02,G,En,4240,
7/15/2026 9:40:00 AM,RTD,7/15/2026 9:45:00 AM,CLUZ,03PAGBIL_G01,G,En,3980,
7/15/2026 9:40:00 AM,RTD,7/15/2026 9:45:00 AM,CLUZ,03PAGBIL_G02,G,En,3980,
7/15/2026 9:40:00 AM,RTD,7/15/2026 9:45:00 AM,CMIN,10GNPK_U01,G,En,4500,
7/15/2026 9:40:00 AM,RTD,7/15/2026 9:45:00 AM,CMIN,10GNPK_U02,G,En,4500,
7/15/2026 9:45:00 AM,RTD,7/15/2026 9:50:00 AM,CLUZ,03PAGBIL_G01,G,En,3980,
7/15/2026 9:45:00 AM,RTD,7/15/2026 9:50:00 AM,CLUZ,03PAGBIL_G02,G,En,3980,
7/15/2026 9:45:00 AM,RTD,7/15/2026 9:50:00 AM,CMIN,10IDP1_U04,G,En,19150,
7/15/2026 9:50:00 AM,RTD,7/15/2026 9:55:00 AM,CLUZ,03PAGBIL_G01,G,En,-1,
7/15/2026 9:50:00 AM,RTD,7/15/2026 9:55:00 AM,CLUZ,03PAGBIL_G02,G,En,-1,
7/15/2026 9:55:00 AM,RTD,7/15/2026 10:00:00 AM,CLUZ,03PAGBIL_G03,G,En,3585.60,
7/15/2026 9:55:00 AM,RTD,7/15/2026 10:00:00 AM,CMIN,09WMPC_U09,G,En,22070,
7/15/2026 10:00:00 AM,RTD,7/15/2026 10:05:00 AM,CLUZ,01MPGC_U01,G,En,3100.0010,
7/15/2026 10:00:00 AM,RTD,7/15/2026 10:05:00 AM,CLUZ,01MPGC_U02,G,En,3100.0010,
7/15/2026 10:00:00 AM,RTD,7/15/2026 10:05:00 AM,CLUZ,01MPGC_U03,G,En,3100.0010,
7/15/2026 10:00:00 AM,RTD,7/15/2026 10:05:00 AM,CVIS,05TPC_G02,G,En,4240,
7/15/2026 10:05:00 AM,RTD,7/15/2026 10:10:00 AM,CLUZ,03STA-RI_G05,G,En,7080.90,
7/15/2026 10:05:00 AM,RTD,7/15/2026 10:10:00 AM,CLUZ,03STA-RI_G06,G,En,7080.90,
7/15/2026 10:15:00 AM,RTD,7/15/2026 10:20:00 AM,CLUZ,03STA-RI_G05,G,En,7080.90,
7/15/2026 10:15:00 AM,RTD,7/15/2026 10:20:00 AM,CLUZ,03STA-RI_G06,G,En,7080.90,
7/15/2026 10:20:00 AM,RTD,7/15/2026 10:25:00 AM,CLUZ,03STA-RI_G02,G,En,7273.40,
7/15/2026 10:20:00 AM,RTD,7/15/2026 10:25:00 AM,CLUZ,03STA-RI_G03,G,En,7273.40,
7/15/2026 10:20:00 AM,RTD,7/15/2026 10:25:00 AM,CLUZ,03STA-RI_G04,G,En,7273.40,
7/15/2026 10:20:00 AM,RTD,7/15/2026 10:25:00 AM,CMIN,10GNPK_U01,G,En,16800.0008,
7/15/2026 10:25:00 AM,RTD,7/15/2026 10:30:00 AM,CLUZ,03STA-RI_G05,G,En,7080.90,
7/15/2026 10:25:00 AM,RTD,7/15/2026 10:30:00 AM,CLUZ,03STA-RI_G06,G,En,7080.90,
7/15/2026 10:25:00 AM,RTD,7/15/2026 10:30:00 AM,CMIN,09WMPC_U09,G,En,22070,
7/15/2026 10:30:00 AM,RTD,7/15/2026 10:35:00 AM,CLUZ,03STA-RI_G02,G,En,-10000,
7/15/2026 10:30:00 AM,RTD,7/15/2026 10:35:00 AM,CLUZ,03STA-RI_G03,G,En,-10000,
7/15/2026 10:30:00 AM,RTD,7/15/2026 10:35:00 AM,CLUZ,03STA-RI_G04,G,En,-10000,
7/15/2026 10:30:00 AM,RTD,7/15/2026 10:35:00 AM,CLUZ,03STA-RI_G05,G,En,-10000,
7/15/2026 10:30:00 AM,RTD,7/15/2026 10:35:00 AM,CLUZ,03STA-RI_G06,G,En,-10000,
7/15/2026 10:30:00 AM,RTD,7/15/2026 10:35:00 AM,CVIS,05CARMEN_BAT,G,En,25000,
7/15/2026 10:35:00 AM,RTD,7/15/2026 10:40:00 AM,CLUZ,01GNPD_U02,G,En,0,
7/15/2026 10:35:00 AM,RTD,7/15/2026 10:40:00 AM,CLUZ,01MARVEL_G01,G,En,0,
7/15/2026 10:35:00 AM,RTD,7/15/2026 10:40:00 AM,CMIN,09SANGALI_BAT,G,En,32000.0002,
7/15/2026 10:35:00 AM,RTD,7/15/2026 10:40:00 AM,CMIN,09WMPC_U01,G,En,32000.0002,
7/15/2026 10:35:00 AM,RTD,7/15/2026 10:40:00 AM,CMIN,09WMPC_U03,G,En,32000.0002,
7/15/2026 10:35:00 AM,RTD,7/15/2026 10:40:00 AM,CMIN,09WMPC_U04,G,En,32000.0002,
7/15/2026 10:35:00 AM,RTD,7/15/2026 10:40:00 AM,CMIN,09WMPC_U05,G,En,32000.0002,
7/15/2026 10:35:00 AM,RTD,7/15/2026 10:40:00 AM,CMIN,09WMPC_U06,G,En,32000.0002,
7/15/2026 10:35:00 AM,RTD,7/15/2026 10:40:00 AM,CMIN,09WMPC_U07,G,En,32000.0002,
7/15/2026 10:35:00 AM,RTD,7/15/2026 10:40:00 AM,CMIN,09WMPC_U08,G,En,32000.0002,
7/15/2026 10:35:00 AM,RTD,7/15/2026 10:40:00 AM,CMIN,09WMPC_U10,G,En,32000.0002,
7/15/2026 10:40:00 AM,RTD,7/15/2026 10:45:00 AM,CLUZ,03PAGBIL_G03,G,En,3585.60,
7/15/2026 10:40:00 AM,RTD,7/15/2026 10:45:00 AM,CMIN,10IDP1_U04,G,En,19150,
7/15/2026 10:45:00 AM,RTD,7/15/2026 10:50:00 AM,CLUZ,01GNPD_U01,G,En,0,
7/15/2026 10:45:00 AM,RTD,7/15/2026 10:50:00 AM,CLUZ,01GNPD_U02,G,En,0,
7/15/2026 10:45:00 AM,RTD,7/15/2026 10:50:00 AM,CLUZ,01MARVEL_G01,G,En,0,
7/15/2026 10:45:00 AM,RTD,7/15/2026 10:50:00 AM,CMIN,10IDP1_U04,G,En,19150,
7/15/2026 10:50:00 AM,RTD,7/15/2026 10:55:00 AM,CLUZ,01SUAL_G02,G,En,3300.08,
7/15/2026 10:55:00 AM,RTD,7/15/2026 11:00:00 AM,CLUZ,03PAGBIL_G01,G,En,3980,
7/15/2026 10:55:00 AM,RTD,7/15/2026 11:00:00 AM,CLUZ,03PAGBIL_G02,G,En,3980,
7/15/2026 11:00:00 AM,RTD,7/15/2026 11:05:00 AM,CLUZ,03PAGBIL_G03,G,En,3585.60,
7/15/2026 11:00:00 AM,RTD,7/15/2026 11:05:00 AM,CMIN,12TM2_U01,G,En,15000,
7/15/2026 11:05:00 AM,RTD,7/15/2026 11:10:00 AM,CLUZ,03PAGBIL_G03,G,En,3585.60,
7/15/2026 11:05:00 AM,RTD,7/15/2026 11:10:00 AM,CMIN,12TM2_U01,G,En,15000,
7/15/2026 11:10:00 AM,RTD,7/15/2026 11:15:00 AM,CLUZ,03PAGBIL_G01,G,En,3980,
7/15/2026 11:10:00 AM,RTD,7/15/2026 11:15:00 AM,CLUZ,03PAGBIL_G02,G,En,3980,
7/15/2026 11:10:00 AM,RTD,7/15/2026 11:15:00 AM,CMIN,10GNPK_U01,G,En,16799.9992,
7/15/2026 11:15:00 AM,RTD,7/15/2026 11:20:00 AM,CLUZ,01GNPD_U01,G,En,4500,
7/15/2026 11:15:00 AM,RTD,7/15/2026 11:20:00 AM,CLUZ,01GNPD_U02,G,En,4500,
7/15/2026 11:15:00 AM,RTD,7/15/2026 11:20:00 AM,CMIN,10GNPK_U01,G,En,16800,
7/15/2026 11:15:00 AM,RTD,7/15/2026 11:20:00 AM,CMIN,10GNPK_U02,G,En,16800,
7/15/2026 11:20:00 AM,RTD,7/15/2026 11:25:00 AM,CLUZ,03PAGBIL_G01,G,En,3980,
7/15/2026 11:20:00 AM,RTD,7/15/2026 11:25:00 AM,CLUZ,03PAGBIL_G02,G,En,3980,
7/15/2026 11:20:00 AM,RTD,7/15/2026 11:25:00 AM,CMIN,10GNPK_U02,G,En,16800.0024,
7/15/2026 11:25:00 AM,RTD,7/15/2026 11:30:00 AM,CLUZ,03PAGBIL_G03,G,En,4009.26,
7/15/2026 11:25:00 AM,RTD,7/15/2026 11:30:00 AM,CMIN,10GNPK_U01,G,En,16800,
7/15/2026 11:25:00 AM,RTD,7/15/2026 11:30:00 AM,CMIN,10GNPK_U02,G,En,16800,
7/15/2026 11:30:00 AM,RTD,7/15/2026 11:35:00 AM,CLUZ,03PAGBIL_G01,G,En,3980,
7/15/2026 11:30:00 AM,RTD,7/15/2026 11:35:00 AM,CLUZ,03PAGBIL_G02,G,En,3980,
7/15/2026 11:35:00 AM,RTD,7/15/2026 11:40:00 AM,CLUZ,03PAGBIL_G03,G,En,4009.26,
7/15/2026 11:40:00 AM,RTD,7/15/2026 11:45:00 AM,CLUZ,01GNPD_U01,G,En,4500,
7/15/2026 11:40:00 AM,RTD,7/15/2026 11:45:00 AM,CLUZ,01GNPD_U02,G,En,4500,
7/15/2026 11:45:00 AM,RTD,7/15/2026 11:50:00 AM,CLUZ,03PAGBIL_G01,G,En,3980,
7/15/2026 11:45:00 AM,RTD,7/15/2026 11:50:00 AM,CLUZ,03PAGBIL_G02,G,En,3980,
7/15/2026 11:45:00 AM,RTD,7/15/2026 11:50:00 AM,CMIN,13MAGDBNK_U01,G,En,13000.08,
7/15/2026 11:45:00 AM,RTD,7/15/2026 11:50:00 AM,CMIN,13MAGDBNK_U02,G,En,13000.08,
7/15/2026 11:45:00 AM,RTD,7/15/2026 11:50:00 AM,CMIN,13MAGDBNK_U03,G,En,13000.08,
7/15/2026 11:50:00 AM,RTD,7/15/2026 11:55:00 AM,CLUZ,01GNPD_U02,G,En,4499.9998,
7/15/2026 11:55:00 AM,RTD,7/15/2026 12:00:00 PM,CLUZ,01AMBUK_U02,G,En,0,
7/15/2026 11:55:00 AM,RTD,7/15/2026 12:00:00 PM,CLUZ,01MAGAT_U02,G,En,0,
7/15/2026 11:55:00 AM,RTD,7/15/2026 12:00:00 PM,CLUZ,01MAGAT_U03,G,En,0,
7/15/2026 11:55:00 AM,RTD,7/15/2026 12:00:00 PM,CLUZ,01MAGAT_U04,G,En,0,
7/15/2026 11:55:00 AM,RTD,7/15/2026 12:00:00 PM,CLUZ,01MARVEL_G01,G,En,0,
7/15/2026 11:55:00 AM,RTD,7/15/2026 12:00:00 PM,CVIS,08PEDC_U01,G,En,4510,
7/15/2026 11:55:00 AM,RTD,7/15/2026 12:00:00 PM,CVIS,08PEDC_U02,G,En,4510,
7/15/2026 12:00:00 PM,RTD,7/15/2026 12:05:00 PM,CLUZ,01GNPD_U01,G,En,0,
7/15/2026 12:00:00 PM,RTD,7/15/2026 12:05:00 PM,CLUZ,01GNPD_U02,G,En,0,
7/15/2026 12:00:00 PM,RTD,7/15/2026 12:05:00 PM,CLUZ,01MAGAT_U02,G,En,0,
7/15/2026 12:00:00 PM,RTD,7/15/2026 12:05:00 PM,CLUZ,01MAGAT_U03,G,En,0,
7/15/2026 12:00:00 PM,RTD,7/15/2026 12:05:00 PM,CLUZ,01MAGAT_U04,G,En,0,
7/15/2026 12:00:00 PM,RTD,7/15/2026 12:05:00 PM,CLUZ,01MARVEL_G01,G,En,0,
7/15/2026 12:00:00 PM,RTD,7/15/2026 12:05:00 PM,CMIN,10GNPK_U01,G,En,5500,
7/15/2026 12:00:00 PM,RTD,7/15/2026 12:05:00 PM,CMIN,10GNPK_U02,G,En,5500,
7/15/2026 12:05:00 PM,RTD,7/15/2026 12:10:00 PM,CLUZ,01GNPD_U01,G,En,0,
7/15/2026 12:05:00 PM,RTD,7/15/2026 12:10:00 PM,CLUZ,01GNPD_U02,G,En,0,
7/15/2026 12:05:00 PM,RTD,7/15/2026 12:10:00 PM,CLUZ,01MAGAT_U02,G,En,0,
7/15/2026 12:05:00 PM,RTD,7/15/2026 12:10:00 PM,CLUZ,01MAGAT_U03,G,En,0,
7/15/2026 12:05:00 PM,RTD,7/15/2026 12:10:00 PM,CLUZ,01MAGAT_U04,G,En,0,
7/15/2026 12:05:00 PM,RTD,7/15/2026 12:10:00 PM,CLUZ,01MARVEL_G01,G,En,0,
7/15/2026 12:05:00 PM,RTD,7/15/2026 12:10:00 PM,CMIN,12TM2_U01,G,En,14000,
7/15/2026 12:10:00 PM,RTD,7/15/2026 12:15:00 PM,CLUZ,01AMBUK_U02,G,En,0,
7/15/2026 12:10:00 PM,RTD,7/15/2026 12:15:00 PM,CLUZ,01GNPD_U01,G,En,0,
7/15/2026 12:10:00 PM,RTD,7/15/2026 12:15:00 PM,CLUZ,01MAGAT_U02,G,En,0,
7/15/2026 12:10:00 PM,RTD,7/15/2026 12:15:00 PM,CLUZ,01MAGAT_U03,G,En,0,
7/15/2026 12:10:00 PM,RTD,7/15/2026 12:15:00 PM,CLUZ,01MAGAT_U04,G,En,0,
7/15/2026 12:10:00 PM,RTD,7/15/2026 12:15:00 PM,CLUZ,01MARVEL_G01,G,En,0,
7/15/2026 12:10:00 PM,RTD,7/15/2026 12:15:00 PM,CVIS,08PEDC_U01,G,En,4510,
7/15/2026 12:10:00 PM,RTD,7/15/2026 12:15:00 PM,CVIS,08PEDC_U02,G,En,4510,
7/15/2026 12:15:00 PM,RTD,7/15/2026 12:20:00 PM,CLUZ,03PAGBIL_G01,G,En,3980,
7/15/2026 12:15:00 PM,RTD,7/15/2026 12:20:00 PM,CLUZ,03PAGBIL_G02,G,En,3980,
7/15/2026 12:15:00 PM,RTD,7/15/2026 12:20:00 PM,CVIS,05CEDC_U03,G,En,8690,
7/15/2026 12:20:00 PM,RTD,7/15/2026 12:25:00 PM,CLUZ,01AMBUK_U02,G,En,0,
7/15/2026 12:20:00 PM,RTD,7/15/2026 12:25:00 PM,CLUZ,01GNPD_U01,G,En,0,
7/15/2026 12:20:00 PM,RTD,7/15/2026 12:25:00 PM,CLUZ,01GNPD_U02,G,En,0,
7/15/2026 12:20:00 PM,RTD,7/15/2026 12:25:00 PM,CLUZ,01MAGAT_U02,G,En,0,
7/15/2026 12:20:00 PM,RTD,7/15/2026 12:25:00 PM,CLUZ,01MAGAT_U03,G,En,0,
7/15/2026 12:20:00 PM,RTD,7/15/2026 12:25:00 PM,CLUZ,01MAGAT_U04,G,En,0,
7/15/2026 12:20:00 PM,RTD,7/15/2026 12:25:00 PM,CLUZ,01MARVEL_G01,G,En,0,
7/15/2026 12:20:00 PM,RTD,7/15/2026 12:25:00 PM,CMIN,10GNPK_U01,G,En,6000,
7/15/2026 12:20:00 PM,RTD,7/15/2026 12:25:00 PM,CMIN,10GNPK_U02,G,En,6000,
7/15/2026 12:25:00 PM,RTD,7/15/2026 12:30:00 PM,CLUZ,03PAGBIL_G03,G,En,3585.60,
7/15/2026 12:25:00 PM,RTD,7/15/2026 12:30:00 PM,CMIN,12TM2_U01,G,En,12000,
7/15/2026 12:30:00 PM,RTD,7/15/2026 12:35:00 PM,CLUZ,03PAGBIL_G03,G,En,3585.60,
7/15/2026 12:30:00 PM,RTD,7/15/2026 12:35:00 PM,CMIN,12TM2_U01,G,En,12000,
7/15/2026 12:35:00 PM,RTD,7/15/2026 12:40:00 PM,CLUZ,03PAGBIL_G01,G,En,3980,
7/15/2026 12:35:00 PM,RTD,7/15/2026 12:40:00 PM,CLUZ,03PAGBIL_G02,G,En,3980,
7/15/2026 12:40:00 PM,RTD,7/15/2026 12:45:00 PM,CLUZ,03STA-RI_G02,G,En,-9999.9999,
7/15/2026 12:40:00 PM,RTD,7/15/2026 12:45:00 PM,CLUZ,03STA-RI_G03,G,En,-9999.9999,
7/15/2026 12:40:00 PM,RTD,7/15/2026 12:45:00 PM,CLUZ,03STA-RI_G04,G,En,-9999.9999,
7/15/2026 12:40:00 PM,RTD,7/15/2026 12:45:00 PM,CLUZ,03STA-RI_G05,G,En,-9999.9999,
7/15/2026 12:40:00 PM,RTD,7/15/2026 12:45:00 PM,CLUZ,03STA-RI_G06,G,En,-9999.9999,
7/15/2026 12:40:00 PM,RTD,7/15/2026 12:45:00 PM,CMIN,10GNPK_U01,G,En,16800,
7/15/2026 12:40:00 PM,RTD,7/15/2026 12:45:00 PM,CMIN,10GNPK_U02,G,En,16800,
7/15/2026 12:45:00 PM,RTD,7/15/2026 12:50:00 PM,CLUZ,01AMBUK_U02,G,En,0,
7/15/2026 12:45:00 PM,RTD,7/15/2026 12:50:00 PM,CLUZ,01GNPD_U02,G,En,0,
7/15/2026 12:45:00 PM,RTD,7/15/2026 12:50:00 PM,CLUZ,01MAGAT_U02,G,En,0,
7/15/2026 12:45:00 PM,RTD,7/15/2026 12:50:00 PM,CLUZ,01MAGAT_U03,G,En,0,
7/15/2026 12:45:00 PM,RTD,7/15/2026 12:50:00 PM,CLUZ,01MAGAT_U04,G,En,0,
7/15/2026 12:45:00 PM,RTD,7/15/2026 12:50:00 PM,CLUZ,03SBPL_G01,G,En,0,
7/15/2026 12:50:00 PM,RTD,7/15/2026 12:55:00 PM,CLUZ,03QPPL_G01,G,En,3230,
7/15/2026 12:50:00 PM,RTD,7/15/2026 12:55:00 PM,CMIN,10GNPK_U01,G,En,16800,
7/15/2026 12:50:00 PM,RTD,7/15/2026 12:55:00 PM,CMIN,10GNPK_U02,G,En,16800,
7/15/2026 12:55:00 PM,RTD,7/15/2026 1:00:00 PM,CLUZ,03PAGBIL_G01,G,En,3980,
7/15/2026 12:55:00 PM,RTD,7/15/2026 1:00:00 PM,CLUZ,03PAGBIL_G02,G,En,3980,
7/15/2026 1:00:00 PM,RTD,7/15/2026 1:05:00 PM,CLUZ,03PAGBIL_G03,G,En,3585.60,
7/15/2026 1:00:00 PM,RTD,7/15/2026 1:05:00 PM,CVIS,05CARMEN_BAT,G,En,25000,
7/15/2026 1:05:00 PM,RTD,7/15/2026 1:10:00 PM,CLUZ,03PAGBIL_G01,G,En,3980,
7/15/2026 1:05:00 PM,RTD,7/15/2026 1:10:00 PM,CLUZ,03PAGBIL_G02,G,En,3980,
7/15/2026 1:10:00 PM,RTD,7/15/2026 1:15:00 PM,CLUZ,03STA-RI_G05,G,En,7080.90,
7/15/2026 1:10:00 PM,RTD,7/15/2026 1:15:00 PM,CLUZ,03STA-RI_G06,G,En,7080.90,
7/15/2026 1:15:00 PM,RTD,7/15/2026 1:20:00 PM,CLUZ,03STA-RI_G05,G,En,7080.90,
7/15/2026 1:15:00 PM,RTD,7/15/2026 1:20:00 PM,CLUZ,03STA-RI_G06,G,En,7080.90,
7/15/2026 1:15:00 PM,RTD,7/15/2026 1:20:00 PM,CMIN,14PKPSOC_G01,G,En,32000,
7/15/2026 1:20:00 PM,RTD,7/15/2026 1:25:00 PM,CLUZ,03PAGBIL_G01,G,En,4180.30,
7/15/2026 1:20:00 PM,RTD,7/15/2026 1:25:00 PM,CLUZ,03PAGBIL_G02,G,En,4180.30,
7/15/2026 1:20:00 PM,RTD,7/15/2026 1:25:00 PM,CVIS,05CARMENDPP_U01,G,En,29737.20,
7/15/2026 1:20:00 PM,RTD,7/15/2026 1:25:00 PM,CVIS,05CARMENDPP_U02,G,En,29737.20,
7/15/2026 1:20:00 PM,RTD,7/15/2026 1:25:00 PM,CVIS,05CARMENDPP_U03,G,En,29737.20,
7/15/2026 1:25:00 PM,RTD,7/15/2026 1:30:00 PM,CVIS,05CARMENDPP_U01,G,En,29737.20,
7/15/2026 1:25:00 PM,RTD,7/15/2026 1:30:00 PM,CVIS,05CARMENDPP_U02,G,En,29737.20,
7/15/2026 1:25:00 PM,RTD,7/15/2026 1:30:00 PM,CVIS,05CARMENDPP_U03,G,En,29737.20,
7/15/2026 1:30:00 PM,RTD,7/15/2026 1:35:00 PM,CVIS,05CARMENDPP_U01,G,En,29737.20,
7/15/2026 1:30:00 PM,RTD,7/15/2026 1:35:00 PM,CVIS,05CARMENDPP_U02,G,En,29737.20,
7/15/2026 1:30:00 PM,RTD,7/15/2026 1:35:00 PM,CVIS,05CARMENDPP_U03,G,En,29737.20,
7/15/2026 1:35:00 PM,RTD,7/15/2026 1:40:00 PM,CLUZ,03STA-RI_G02,G,En,7273.40,
7/15/2026 1:35:00 PM,RTD,7/15/2026 1:40:00 PM,CLUZ,03STA-RI_G03,G,En,7273.40,
7/15/2026 1:35:00 PM,RTD,7/15/2026 1:40:00 PM,CLUZ,03STA-RI_G04,G,En,7273.40,
7/15/2026 1:35:00 PM,RTD,7/15/2026 1:40:00 PM,CVIS,05CARMENDPP_U01,G,En,29737.20,
7/15/2026 1:35:00 PM,RTD,7/15/2026 1:40:00 PM,CVIS,05CARMENDPP_U02,G,En,29737.20,
7/15/2026 1:35:00 PM,RTD,7/15/2026 1:40:00 PM,CVIS,05CARMENDPP_U03,G,En,29737.20,
7/15/2026 1:40:00 PM,RTD,7/15/2026 1:45:00 PM,CLUZ,01SUAL_G02,G,En,3200.08,
7/15/2026 1:40:00 PM,RTD,7/15/2026 1:45:00 PM,CLUZ,03STA-RI_G02,G,En,7273.40,
7/15/2026 1:40:00 PM,RTD,7/15/2026 1:45:00 PM,CLUZ,03STA-RI_G03,G,En,7273.40,
7/15/2026 1:40:00 PM,RTD,7/15/2026 1:45:00 PM,CLUZ,03STA-RI_G04,G,En,7273.40,
7/15/2026 1:40:00 PM,RTD,7/15/2026 1:45:00 PM,CVIS,05CARMENDPP_U01,G,En,29737.20,
7/15/2026 1:40:00 PM,RTD,7/15/2026 1:45:00 PM,CVIS,05CARMENDPP_U02,G,En,29737.20,
7/15/2026 1:40:00 PM,RTD,7/15/2026 1:45:00 PM,CVIS,05CARMENDPP_U03,G,En,29737.20,
7/15/2026 1:45:00 PM,RTD,7/15/2026 1:50:00 PM,CLUZ,01SUAL_G02,G,En,3200.08,
7/15/2026 1:45:00 PM,RTD,7/15/2026 1:50:00 PM,CLUZ,03STA-RI_G05,G,En,7080.90,
7/15/2026 1:45:00 PM,RTD,7/15/2026 1:50:00 PM,CLUZ,03STA-RI_G06,G,En,7080.90,
7/15/2026 1:45:00 PM,RTD,7/15/2026 1:50:00 PM,CVIS,05CARMENDPP_U01,G,En,29737.20,
7/15/2026 1:45:00 PM,RTD,7/15/2026 1:50:00 PM,CVIS,05CARMENDPP_U02,G,En,29737.20,
7/15/2026 1:45:00 PM,RTD,7/15/2026 1:50:00 PM,CVIS,05CARMENDPP_U03,G,En,29737.20,
7/15/2026 1:50:00 PM,RTD,7/15/2026 1:55:00 PM,CMIN,10MEGC_G01,G,En,32000,
7/15/2026 1:55:00 PM,RTD,7/15/2026 2:00:00 PM,CLUZ,01MPGC_U04,G,En,-9999.9760,
7/15/2026 1:55:00 PM,RTD,7/15/2026 2:00:00 PM,CMIN,14PKPSOC_G01,G,En,32000,
7/15/2026 2:00:00 PM,RTD,7/15/2026 2:05:00 PM,CMIN,13MACO_BAT,G,En,32000.0006,
7/15/2026 2:00:00 PM,RTD,7/15/2026 2:05:00 PM,CMIN,13MATIBNK_G01,G,En,32000.0006,
7/15/2026 2:10:00 PM,RTD,7/15/2026 2:15:00 PM,CLUZ,03STA-RI_G02,G,En,7273.40,
7/15/2026 2:10:00 PM,RTD,7/15/2026 2:15:00 PM,CLUZ,03STA-RI_G03,G,En,7273.40,
7/15/2026 2:10:00 PM,RTD,7/15/2026 2:15:00 PM,CLUZ,03STA-RI_G04,G,En,7273.40,
7/15/2026 2:10:00 PM,RTD,7/15/2026 2:15:00 PM,CMIN,11PACERM_G01,G,En,31999.9981,
7/15/2026 2:15:00 PM,RTD,7/15/2026 2:20:00 PM,CLUZ,01SUAL_G01,G,En,3200.08,
7/15/2026 2:20:00 PM,RTD,7/15/2026 2:25:00 PM,CLUZ,03STA-RI_G05,G,En,7080.90,
7/15/2026 2:20:00 PM,RTD,7/15/2026 2:25:00 PM,CLUZ,03STA-RI_G06,G,En,7080.90,
7/15/2026 2:25:00 PM,RTD,7/15/2026 2:30:00 PM,CLUZ,03STA-RI_G05,G,En,7080.90,
7/15/2026 2:25:00 PM,RTD,7/15/2026 2:30:00 PM,CLUZ,03STA-RI_G06,G,En,7080.90,
7/15/2026 2:30:00 PM,RTD,7/15/2026 2:35:00 PM,CLUZ,03STA-RI_G05,G,En,7080.90,
7/15/2026 2:30:00 PM,RTD,7/15/2026 2:35:00 PM,CLUZ,03STA-RI_G06,G,En,7080.90,
7/15/2026 2:35:00 PM,RTD,7/15/2026 2:40:00 PM,CLUZ,01SUAL_G01,G,En,3200.08,
7/15/2026 2:40:00 PM,RTD,7/15/2026 2:45:00 PM,CLUZ,03STA-RI_G05,G,En,7080.90,
7/15/2026 2:40:00 PM,RTD,7/15/2026 2:45:00 PM,CLUZ,03STA-RI_G06,G,En,7080.90,
7/15/2026 2:45:00 PM,RTD,7/15/2026 2:50:00 PM,CLUZ,03STA-RI_G05,G,En,7080.9001,
7/15/2026 2:50:00 PM,RTD,7/15/2026 2:55:00 PM,CLUZ,03STA-RI_G05,G,En,7080.90,
7/15/2026 2:50:00 PM,RTD,7/15/2026 2:55:00 PM,CLUZ,03STA-RI_G06,G,En,7080.90,
7/15/2026 2:55:00 PM,RTD,7/15/2026 3:00:00 PM,CLUZ,03STA-RI_G05,G,En,7080.90,
7/15/2026 2:55:00 PM,RTD,7/15/2026 3:00:00 PM,CLUZ,03STA-RI_G06,G,En,7080.90,
7/15/2026 3:00:00 PM,RTD,7/15/2026 3:05:00 PM,CLUZ,03STA-RI_G05,G,En,7080.90,
7/15/2026 3:00:00 PM,RTD,7/15/2026 3:05:00 PM,CLUZ,03STA-RI_G06,G,En,7080.90,
7/15/2026 3:05:00 PM,RTD,7/15/2026 3:10:00 PM,CLUZ,03KAL_G02,PS,En,32000,
7/15/2026 3:05:00 PM,RTD,7/15/2026 3:10:00 PM,CLUZ,03LUMBAN_BAT,G,En,32000,
7/15/2026 3:10:00 PM,RTD,7/15/2026 3:15:00 PM,CLUZ,03PAGBIL_G01,G,En,4180.30,
7/15/2026 3:10:00 PM,RTD,7/15/2026 3:15:00 PM,CLUZ,03PAGBIL_G02,G,En,4180.30,
7/15/2026 3:15:00 PM,RTD,7/15/2026 3:20:00 PM,CLUZ,03STA-RI_G05,G,En,7080.90,
7/15/2026 3:15:00 PM,RTD,7/15/2026 3:20:00 PM,CLUZ,03STA-RI_G06,G,En,7080.90,
7/15/2026 3:20:00 PM,RTD,7/15/2026 3:25:00 PM,CLUZ,03STA-RI_G02,G,En,7273.40,
7/15/2026 3:20:00 PM,RTD,7/15/2026 3:25:00 PM,CLUZ,03STA-RI_G03,G,En,7273.40,
7/15/2026 3:20:00 PM,RTD,7/15/2026 3:25:00 PM,CLUZ,03STA-RI_G04,G,En,7273.40,
7/15/2026 3:25:00 PM,RTD,7/15/2026 3:30:00 PM,CLUZ,03STA-RI_G02,G,En,7273.40,
7/15/2026 3:25:00 PM,RTD,7/15/2026 3:30:00 PM,CLUZ,03STA-RI_G03,G,En,7273.40,
7/15/2026 3:25:00 PM,RTD,7/15/2026 3:30:00 PM,CLUZ,03STA-RI_G04,G,En,7273.40,
7/15/2026 3:30:00 PM,RTD,7/15/2026 3:35:00 PM,CLUZ,03EERI_G02,G,En,14900.0001,
7/15/2026 3:30:00 PM,RTD,7/15/2026 3:35:00 PM,CLUZ,03EERI_G03,G,En,14900.0001,
7/15/2026 3:35:00 PM,RTD,7/15/2026 3:40:00 PM,CLUZ,03STA-RI_G01,G,En,7273.40,
7/15/2026 3:40:00 PM,RTD,7/15/2026 3:45:00 PM,CLUZ,03STA-RI_G01,G,En,7273.40,
7/15/2026 3:50:00 PM,RTD,7/15/2026 3:55:00 PM,CLUZ,03EERI_G03,G,En,9499.9984,
7/15/2026 3:55:00 PM,RTD,7/15/2026 4:00:00 PM,CLUZ,03EERI_G01,G,En,14900.0001,
7/15/2026 3:55:00 PM,RTD,7/15/2026 4:00:00 PM,CVIS,04ORMOC_BAT,G,En,32000,
7/15/2026 4:00:00 PM,RTD,7/15/2026 4:05:00 PM,CLUZ,03STA-RI_G02,G,En,7273.40,
7/15/2026 4:00:00 PM,RTD,7/15/2026 4:05:00 PM,CLUZ,03STA-RI_G03,G,En,7273.40,
7/15/2026 4:00:00 PM,RTD,7/15/2026 4:05:00 PM,CLUZ,03STA-RI_G04,G,En,7273.40,
7/15/2026 4:05:00 PM,RTD,7/15/2026 4:10:00 PM,CLUZ,03STA-RI_G05,G,En,7080.90,
7/15/2026 4:05:00 PM,RTD,7/15/2026 4:10:00 PM,CLUZ,03STA-RI_G06,G,En,7080.90,
7/15/2026 4:10:00 PM,RTD,7/15/2026 4:15:00 PM,CLUZ,03STA-RI_G02,G,En,7273.40,
7/15/2026 4:10:00 PM,RTD,7/15/2026 4:15:00 PM,CLUZ,03STA-RI_G03,G,En,7273.40,
7/15/2026 4:10:00 PM,RTD,7/15/2026 4:15:00 PM,CLUZ,03STA-RI_G04,G,En,7273.40,
7/15/2026 4:10:00 PM,RTD,7/15/2026 4:15:00 PM,CVIS,04ORMOC_BAT,G,En,32000,
7/15/2026 4:15:00 PM,RTD,7/15/2026 4:20:00 PM,CLUZ,03STA-RI_G02,G,En,7273.40,
7/15/2026 4:15:00 PM,RTD,7/15/2026 4:20:00 PM,CLUZ,03STA-RI_G03,G,En,7273.40,
7/15/2026 4:15:00 PM,RTD,7/15/2026 4:20:00 PM,CLUZ,03STA-RI_G04,G,En,7273.40,
7/15/2026 4:15:00 PM,RTD,7/15/2026 4:20:00 PM,CVIS,04ORMOC_BAT,G,En,32000,
7/15/2026 4:20:00 PM,RTD,7/15/2026 4:25:00 PM,CLUZ,03STA-RI_G02,G,En,7273.40,
7/15/2026 4:20:00 PM,RTD,7/15/2026 4:25:00 PM,CLUZ,03STA-RI_G03,G,En,7273.40,
7/15/2026 4:25:00 PM,RTD,7/15/2026 4:30:00 PM,CLUZ,03STA-RI_G02,G,En,7273.4001,
7/15/2026 4:25:00 PM,RTD,7/15/2026 4:30:00 PM,CLUZ,03STA-RI_G03,G,En,7273.4001,
7/15/2026 4:30:00 PM,RTD,7/15/2026 4:35:00 PM,CLUZ,03EERI_G01,G,En,14900.0001,
7/15/2026 4:35:00 PM,RTD,7/15/2026 4:40:00 PM,CLUZ,03STA-RI_G01,G,En,7273.40,
7/15/2026 4:40:00 PM,RTD,7/15/2026 4:45:00 PM,CLUZ,03STA-RI_G01,G,En,7273.40,
7/15/2026 4:45:00 PM,RTD,7/15/2026 4:50:00 PM,CLUZ,03STA-RI_G01,G,En,7273.40,
7/15/2026 4:50:00 PM,RTD,7/15/2026 4:55:00 PM,CLUZ,03STA-RI_G01,G,En,7273.40,
7/15/2026 4:55:00 PM,RTD,7/15/2026 5:00:00 PM,CLUZ,03STA-RI_G02,G,En,7273.40,
7/15/2026 4:55:00 PM,RTD,7/15/2026 5:00:00 PM,CLUZ,03STA-RI_G03,G,En,7273.40,
7/15/2026 4:55:00 PM,RTD,7/15/2026 5:00:00 PM,CLUZ,03STA-RI_G04,G,En,7273.40,
7/15/2026 5:00:00 PM,RTD,7/15/2026 5:05:00 PM,CLUZ,03STA-RI_G02,G,En,7273.40,
7/15/2026 5:00:00 PM,RTD,7/15/2026 5:05:00 PM,CLUZ,03STA-RI_G03,G,En,7273.40,
7/15/2026 5:00:00 PM,RTD,7/15/2026 5:05:00 PM,CLUZ,03STA-RI_G04,G,En,7273.40,
7/15/2026 5:05:00 PM,RTD,7/15/2026 5:10:00 PM,CLUZ,03STA-RI_G01,G,En,7273.40,
7/15/2026 5:05:00 PM,RTD,7/15/2026 5:10:00 PM,CVIS,04ORMOC_BAT,G,En,32000,
7/15/2026 5:10:00 PM,RTD,7/15/2026 5:15:00 PM,CLUZ,03STA-RI_G01,G,En,7273.40,
7/15/2026 5:10:00 PM,RTD,7/15/2026 5:15:00 PM,CMIN,14PKPSOC_G01,G,En,32000,
7/15/2026 5:15:00 PM,RTD,7/15/2026 5:20:00 PM,CLUZ,03STA-RI_G01,G,En,7273.40,
7/15/2026 5:15:00 PM,RTD,7/15/2026 5:20:00 PM,CVIS,06KABAN_BAT,G,En,32000,
7/15/2026 5:20:00 PM,RTD,7/15/2026 5:25:00 PM,CLUZ,03STA-RI_G01,G,En,7273.40,
7/15/2026 5:20:00 PM,RTD,7/15/2026 5:25:00 PM,CMIN,13MALITA_BAT,G,En,31999.9994,
7/15/2026 5:25:00 PM,RTD,7/15/2026 5:30:00 PM,CLUZ,03STA-RI_G01,G,En,7273.40,
7/15/2026 5:30:00 PM,RTD,7/15/2026 5:35:00 PM,CLUZ,03STA-RI_G01,G,En,7273.40,
7/15/2026 5:35:00 PM,RTD,7/15/2026 5:40:00 PM,CLUZ,03STA-RI_G01,G,En,7273.40,
7/15/2026 5:40:00 PM,RTD,7/15/2026 5:45:00 PM,CLUZ,03EERI_G02,G,En,9500,
7/15/2026 5:40:00 PM,RTD,7/15/2026 5:45:00 PM,CLUZ,03EERI_G03,G,En,9500,
7/15/2026 5:45:00 PM,RTD,7/15/2026 5:50:00 PM,CLUZ,03EERI_G01,G,En,14900,
7/15/2026 5:45:00 PM,RTD,7/15/2026 5:50:00 PM,CLUZ,03EERI_G02,G,En,14900,
7/15/2026 5:45:00 PM,RTD,7/15/2026 5:50:00 PM,CLUZ,03EERI_G03,G,En,14900,
7/15/2026 5:50:00 PM,RTD,7/15/2026 5:55:00 PM,CLUZ,03EERI_G01,G,En,14900.0001,
7/15/2026 5:55:00 PM,RTD,7/15/2026 6:00:00 PM,CLUZ,03EERI_G01,G,En,14900.0001,
7/15/2026 6:00:00 PM,RTD,7/15/2026 6:05:00 PM,CLUZ,03STA-RI_G05,G,En,7080.90,
7/15/2026 6:00:00 PM,RTD,7/15/2026 6:05:00 PM,CLUZ,03STA-RI_G06,G,En,7080.90,
7/15/2026 6:05:00 PM,RTD,7/15/2026 6:10:00 PM,CLUZ,03STA-RI_G04,G,En,7273.4002,
7/15/2026 6:15:00 PM,RTD,7/15/2026 6:20:00 PM,CLUZ,01S_ENRO_G01,G,En,12779.93,
7/15/2026 6:20:00 PM,RTD,7/15/2026 6:25:00 PM,CLUZ,03EERI_G01,G,En,14900.0001,
7/15/2026 6:25:00 PM,RTD,7/15/2026 6:30:00 PM,CLUZ,03EERI_G02,G,En,14900,
7/15/2026 6:25:00 PM,RTD,7/15/2026 6:30:00 PM,CLUZ,03EERI_G03,G,En,14900,
7/15/2026 6:30:00 PM,RTD,7/15/2026 6:35:00 PM,CLUZ,03EERI_G02,G,En,14900.0001,
7/15/2026 6:30:00 PM,RTD,7/15/2026 6:35:00 PM,CLUZ,03EERI_G03,G,En,14900.0001,
7/15/2026 6:35:00 PM,RTD,7/15/2026 6:40:00 PM,CLUZ,03EERI_G02,G,En,14900,
7/15/2026 6:35:00 PM,RTD,7/15/2026 6:40:00 PM,CLUZ,03EERI_G03,G,En,14900,
7/15/2026 6:40:00 PM,RTD,7/15/2026 6:45:00 PM,CLUZ,03EERI_G01,G,En,14900,
7/15/2026 6:40:00 PM,RTD,7/15/2026 6:45:00 PM,CLUZ,03EERI_G02,G,En,14900,
7/15/2026 6:40:00 PM,RTD,7/15/2026 6:45:00 PM,CLUZ,03EERI_G03,G,En,14900,
7/15/2026 6:45:00 PM,RTD,7/15/2026 6:50:00 PM,CLUZ,03EERI_G02,G,En,14899.9999,
7/15/2026 6:45:00 PM,RTD,7/15/2026 6:50:00 PM,CLUZ,03EERI_G03,G,En,14899.9999,
7/15/2026 6:50:00 PM,RTD,7/15/2026 6:55:00 PM,CLUZ,03EERI_G01,G,En,14900,
7/15/2026 6:50:00 PM,RTD,7/15/2026 6:55:00 PM,CLUZ,03EERI_G02,G,En,14900,
7/15/2026 6:50:00 PM,RTD,7/15/2026 6:55:00 PM,CLUZ,03EERI_G03,G,En,14900,
7/15/2026 6:50:00 PM,RTD,7/15/2026 6:55:00 PM,CVIS,04ORMOC_BAT,G,En,32000,
7/15/2026 6:55:00 PM,RTD,7/15/2026 7:00:00 PM,CLUZ,03EERI_G01,G,En,14899.9998,
7/15/2026 6:55:00 PM,RTD,7/15/2026 7:00:00 PM,CVIS,04ORMOC_BAT,G,En,32000,
7/15/2026 7:00:00 PM,RTD,7/15/2026 7:05:00 PM,CLUZ,03STA-RI_G02,G,En,7273.40,
7/15/2026 7:00:00 PM,RTD,7/15/2026 7:05:00 PM,CLUZ,03STA-RI_G03,G,En,7273.40,
7/15/2026 7:00:00 PM,RTD,7/15/2026 7:05:00 PM,CLUZ,03STA-RI_G04,G,En,7273.40,
7/15/2026 7:05:00 PM,RTD,7/15/2026 7:10:00 PM,CLUZ,03STA-RI_G01,G,En,7273.40,
7/15/2026 7:10:00 PM,RTD,7/15/2026 7:15:00 PM,CLUZ,01S_ENRO_G01,G,En,9779.85,
7/15/2026 7:15:00 PM,RTD,7/15/2026 7:20:00 PM,CLUZ,03ILIJAN_G01,G,En,16000,
7/15/2026 7:15:00 PM,RTD,7/15/2026 7:20:00 PM,CLUZ,03ILIJAN_G02,G,En,16000,
7/15/2026 7:20:00 PM,RTD,7/15/2026 7:25:00 PM,CLUZ,03EERI_G01,G,En,14900,
7/15/2026 7:20:00 PM,RTD,7/15/2026 7:25:00 PM,CLUZ,03EERI_G02,G,En,14900,
7/15/2026 7:20:00 PM,RTD,7/15/2026 7:25:00 PM,CLUZ,03EERI_G03,G,En,14900,
7/15/2026 7:25:00 PM,RTD,7/15/2026 7:30:00 PM,CLUZ,03ILIJAN_G01,G,En,16000.0001,
7/15/2026 7:30:00 PM,RTD,7/15/2026 7:35:00 PM,CLUZ,03ILIJAN_G01,G,En,16000,
7/15/2026 7:30:00 PM,RTD,7/15/2026 7:35:00 PM,CLUZ,03ILIJAN_G02,G,En,16000,
7/15/2026 7:35:00 PM,RTD,7/15/2026 7:40:00 PM,CLUZ,03ILIJAN_G01,G,En,16000,
7/15/2026 7:35:00 PM,RTD,7/15/2026 7:40:00 PM,CLUZ,03ILIJAN_G02,G,En,16000,
7/15/2026 7:40:00 PM,RTD,7/15/2026 7:45:00 PM,CLUZ,03ILIJAN_G01,G,En,16000,
7/15/2026 7:40:00 PM,RTD,7/15/2026 7:45:00 PM,CLUZ,03ILIJAN_G02,G,En,16000,
7/15/2026 7:40:00 PM,RTD,7/15/2026 7:45:00 PM,CMIN,11VILLA_BAT,G,En,32000,
7/15/2026 7:45:00 PM,RTD,7/15/2026 7:50:00 PM,CLUZ,03ILIJAN_G01,G,En,16000,
7/15/2026 7:45:00 PM,RTD,7/15/2026 7:50:00 PM,CLUZ,03ILIJAN_G02,G,En,16000,
7/15/2026 7:45:00 PM,RTD,7/15/2026 7:50:00 PM,CVIS,06KABAN_BAT,G,En,32000,
7/15/2026 7:50:00 PM,RTD,7/15/2026 7:55:00 PM,CLUZ,03ILIJAN_G01,G,En,16000.0001,
7/15/2026 7:50:00 PM,RTD,7/15/2026 7:55:00 PM,CMIN,14PKPSOC_G01,G,En,32000,
7/15/2026 7:55:00 PM,RTD,7/15/2026 8:00:00 PM,CLUZ,03ILIJAN_G01,G,En,16000,
7/15/2026 7:55:00 PM,RTD,7/15/2026 8:00:00 PM,CLUZ,03ILIJAN_G02,G,En,16000,
7/15/2026 7:55:00 PM,RTD,7/15/2026 8:00:00 PM,CMIN,14PKPSOC_G01,G,En,32000,
7/15/2026 8:00:00 PM,RTD,7/15/2026 8:05:00 PM,CLUZ,03EERI_G01,G,En,14900,
7/15/2026 8:00:00 PM,RTD,7/15/2026 8:05:00 PM,CLUZ,03EERI_G02,G,En,14900,
7/15/2026 8:00:00 PM,RTD,7/15/2026 8:05:00 PM,CLUZ,03EERI_G03,G,En,14900,
7/15/2026 8:00:00 PM,RTD,7/15/2026 8:05:00 PM,CMIN,14PKPSOC_G01,G,En,32000,
7/15/2026 8:05:00 PM,RTD,7/15/2026 8:10:00 PM,CLUZ,03EERI_G01,G,En,14900,
7/15/2026 8:05:00 PM,RTD,7/15/2026 8:10:00 PM,CLUZ,03EERI_G02,G,En,14900,
7/15/2026 8:05:00 PM,RTD,7/15/2026 8:10:00 PM,CLUZ,03EERI_G03,G,En,14900,
7/15/2026 8:10:00 PM,RTD,7/15/2026 8:15:00 PM,CLUZ,03EERI_G01,G,En,14900,
7/15/2026 8:10:00 PM,RTD,7/15/2026 8:15:00 PM,CLUZ,03EERI_G02,G,En,14900,
7/15/2026 8:10:00 PM,RTD,7/15/2026 8:15:00 PM,CLUZ,03EERI_G03,G,En,14900,
7/15/2026 8:10:00 PM,RTD,7/15/2026 8:15:00 PM,CMIN,14PKPSOC_G01,G,En,32000,
7/15/2026 8:15:00 PM,RTD,7/15/2026 8:20:00 PM,CLUZ,03EERI_G01,G,En,14900,
7/15/2026 8:15:00 PM,RTD,7/15/2026 8:20:00 PM,CLUZ,03EERI_G02,G,En,14900,
7/15/2026 8:15:00 PM,RTD,7/15/2026 8:20:00 PM,CLUZ,03EERI_G03,G,En,14900,
7/15/2026 8:15:00 PM,RTD,7/15/2026 8:20:00 PM,CVIS,06KABAN_BAT,G,En,32000,
7/15/2026 8:20:00 PM,RTD,7/15/2026 8:25:00 PM,CLUZ,03EERI_G01,G,En,14900,
7/15/2026 8:20:00 PM,RTD,7/15/2026 8:25:00 PM,CLUZ,03EERI_G02,G,En,14900,
7/15/2026 8:20:00 PM,RTD,7/15/2026 8:25:00 PM,CLUZ,03EERI_G03,G,En,14900,
7/15/2026 8:20:00 PM,RTD,7/15/2026 8:25:00 PM,CMIN,11PACERM_G01,G,En,32000,
7/15/2026 8:25:00 PM,RTD,7/15/2026 8:30:00 PM,CLUZ,03EERI_G01,G,En,14900,
7/15/2026 8:25:00 PM,RTD,7/15/2026 8:30:00 PM,CLUZ,03EERI_G02,G,En,14900,
7/15/2026 8:25:00 PM,RTD,7/15/2026 8:30:00 PM,CLUZ,03EERI_G03,G,En,14900,
7/15/2026 8:25:00 PM,RTD,7/15/2026 8:30:00 PM,CMIN,14PKPSOC_G01,G,En,32000,
7/15/2026 8:30:00 PM,RTD,7/15/2026 8:35:00 PM,CLUZ,03EERI_G01,G,En,14900,
7/15/2026 8:30:00 PM,RTD,7/15/2026 8:35:00 PM,CLUZ,03EERI_G02,G,En,14900,
7/15/2026 8:30:00 PM,RTD,7/15/2026 8:35:00 PM,CLUZ,03EERI_G03,G,En,14900,
7/15/2026 8:30:00 PM,RTD,7/15/2026 8:35:00 PM,CMIN,11VILLA_BAT,G,En,32000,
7/15/2026 8:35:00 PM,RTD,7/15/2026 8:40:00 PM,CLUZ,03EERI_G01,G,En,14900,
7/15/2026 8:35:00 PM,RTD,7/15/2026 8:40:00 PM,CLUZ,03EERI_G02,G,En,14900,
7/15/2026 8:35:00 PM,RTD,7/15/2026 8:40:00 PM,CLUZ,03EERI_G03,G,En,14900,
7/15/2026 8:35:00 PM,RTD,7/15/2026 8:40:00 PM,CMIN,14PKPSOC_G01,G,En,32000,
7/15/2026 8:40:00 PM,RTD,7/15/2026 8:45:00 PM,CLUZ,01S_ENRO_G01,G,En,9779.85,
7/15/2026 8:40:00 PM,RTD,7/15/2026 8:45:00 PM,CVIS,06KABAN_BAT,G,En,32000,
7/15/2026 8:45:00 PM,RTD,7/15/2026 8:50:00 PM,CLUZ,01S_ENRO_G01,G,En,9779.85,
7/15/2026 8:45:00 PM,RTD,7/15/2026 8:50:00 PM,CMIN,14PKPSOC_G01,G,En,32000,
7/15/2026 8:50:00 PM,RTD,7/15/2026 8:55:00 PM,CLUZ,01S_ENRO_G01,G,En,9779.85,
7/15/2026 8:50:00 PM,RTD,7/15/2026 8:55:00 PM,CMIN,14PKPSOC_G01,G,En,32000,
7/15/2026 8:55:00 PM,RTD,7/15/2026 9:00:00 PM,CLUZ,03STA-RI_G01,G,En,7273.40,
7/15/2026 8:55:00 PM,RTD,7/15/2026 9:00:00 PM,CMIN,14PKPSOC_G01,G,En,32000,
7/15/2026 9:00:00 PM,RTD,7/15/2026 9:05:00 PM,CLUZ,03STA-RI_G02,G,En,7273.40,
7/15/2026 9:00:00 PM,RTD,7/15/2026 9:05:00 PM,CLUZ,03STA-RI_G03,G,En,7273.40,
7/15/2026 9:00:00 PM,RTD,7/15/2026 9:05:00 PM,CLUZ,03STA-RI_G04,G,En,7273.40,
7/15/2026 9:00:00 PM,RTD,7/15/2026 9:05:00 PM,CMIN,11PACERM_G01,G,En,32000.0005,
7/15/2026 9:00:00 PM,RTD,7/15/2026 9:05:00 PM,CMIN,11VILLA_BAT,G,En,32000.0005,
7/15/2026 9:05:00 PM,RTD,7/15/2026 9:10:00 PM,CLUZ,03STA-RI_G02,G,En,7273.40,
7/15/2026 9:05:00 PM,RTD,7/15/2026 9:10:00 PM,CLUZ,03STA-RI_G03,G,En,7273.40,
7/15/2026 9:05:00 PM,RTD,7/15/2026 9:10:00 PM,CLUZ,03STA-RI_G04,G,En,7273.40,
7/15/2026 9:05:00 PM,RTD,7/15/2026 9:10:00 PM,CMIN,13MACO_BAT,G,En,32000.0171,
7/15/2026 9:05:00 PM,RTD,7/15/2026 9:10:00 PM,CMIN,13MATIBNK_G01,G,En,32000.0171,
7/15/2026 9:10:00 PM,RTD,7/15/2026 9:15:00 PM,CLUZ,03STA-RI_G02,G,En,7273.40,
7/15/2026 9:10:00 PM,RTD,7/15/2026 9:15:00 PM,CLUZ,03STA-RI_G03,G,En,7273.40,
7/15/2026 9:10:00 PM,RTD,7/15/2026 9:15:00 PM,CLUZ,03STA-RI_G04,G,En,7273.40,
7/15/2026 9:10:00 PM,RTD,7/15/2026 9:15:00 PM,CMIN,14PKPSOC_G01,G,En,32000,
7/15/2026 9:15:00 PM,RTD,7/15/2026 9:20:00 PM,CLUZ,03STA-RI_G05,G,En,7080.90,
7/15/2026 9:15:00 PM,RTD,7/15/2026 9:20:00 PM,CLUZ,03STA-RI_G06,G,En,7080.90,
7/15/2026 9:20:00 PM,RTD,7/15/2026 9:25:00 PM,CLUZ,03STA-RI_G02,G,En,7273.40,
7/15/2026 9:20:00 PM,RTD,7/15/2026 9:25:00 PM,CLUZ,03STA-RI_G03,G,En,7273.40,
7/15/2026 9:20:00 PM,RTD,7/15/2026 9:25:00 PM,CLUZ,03STA-RI_G04,G,En,7273.40,
7/15/2026 9:20:00 PM,RTD,7/15/2026 9:25:00 PM,CMIN,14PKPSOC_G01,G,En,32000,
7/15/2026 9:25:00 PM,RTD,7/15/2026 9:30:00 PM,CLUZ,03STA-RI_G05,G,En,7080.90,
7/15/2026 9:25:00 PM,RTD,7/15/2026 9:30:00 PM,CLUZ,03STA-RI_G06,G,En,7080.90,
7/15/2026 9:25:00 PM,RTD,7/15/2026 9:30:00 PM,CMIN,14PKPSOC_G01,G,En,32000,
7/15/2026 9:30:00 PM,RTD,7/15/2026 9:35:00 PM,CLUZ,03STA-RI_G05,G,En,7080.90,
7/15/2026 9:30:00 PM,RTD,7/15/2026 9:35:00 PM,CLUZ,03STA-RI_G06,G,En,7080.90,
7/15/2026 9:30:00 PM,RTD,7/15/2026 9:35:00 PM,CMIN,14PKPSOC_G01,G,En,32000,
7/15/2026 9:35:00 PM,RTD,7/15/2026 9:40:00 PM,CLUZ,01S_ENRO_G01,G,En,9779.85,
7/15/2026 9:35:00 PM,RTD,7/15/2026 9:40:00 PM,CVIS,07BIDPP_G01,G,En,28457,
7/15/2026 9:40:00 PM,RTD,7/15/2026 9:45:00 PM,CLUZ,03STA-RI_G05,G,En,7080.90,
7/15/2026 9:40:00 PM,RTD,7/15/2026 9:45:00 PM,CLUZ,03STA-RI_G06,G,En,7080.90,
7/15/2026 9:40:00 PM,RTD,7/15/2026 9:45:00 PM,CMIN,09WMPC_U01,G,En,32000,
7/15/2026 9:40:00 PM,RTD,7/15/2026 9:45:00 PM,CMIN,09WMPC_U03,G,En,32000,
7/15/2026 9:40:00 PM,RTD,7/15/2026 9:45:00 PM,CMIN,09WMPC_U05,G,En,32000,
7/15/2026 9:45:00 PM,RTD,7/15/2026 9:50:00 PM,CLUZ,03STA-RI_G05,G,En,7080.90,
7/15/2026 9:45:00 PM,RTD,7/15/2026 9:50:00 PM,CLUZ,03STA-RI_G06,G,En,7080.90,
7/15/2026 9:45:00 PM,RTD,7/15/2026 9:50:00 PM,CMIN,14SUPKOR_G01,G,En,32000,
7/15/2026 9:50:00 PM,RTD,7/15/2026 9:55:00 PM,CLUZ,03STA-RI_G05,G,En,7080.90,
7/15/2026 9:50:00 PM,RTD,7/15/2026 9:55:00 PM,CLUZ,03STA-RI_G06,G,En,7080.90,
7/15/2026 9:50:00 PM,RTD,7/15/2026 9:55:00 PM,CVIS,05CARMEN_BAT,G,En,25000,
7/15/2026 9:55:00 PM,RTD,7/15/2026 10:00:00 PM,CLUZ,03STA-RI_G05,G,En,7080.90,
7/15/2026 9:55:00 PM,RTD,7/15/2026 10:00:00 PM,CLUZ,03STA-RI_G06,G,En,7080.90,
7/15/2026 9:55:00 PM,RTD,7/15/2026 10:00:00 PM,CMIN,12PKSFRA_U01,G,En,25000,
7/15/2026 9:55:00 PM,RTD,7/15/2026 10:00:00 PM,CMIN,12PKSFRA_U02,G,En,25000,
7/15/2026 10:00:00 PM,RTD,7/15/2026 10:05:00 PM,CLUZ,03STA-RI_G05,G,En,7080.90,
7/15/2026 10:00:00 PM,RTD,7/15/2026 10:05:00 PM,CLUZ,03STA-RI_G06,G,En,7080.90,
7/15/2026 10:05:00 PM,RTD,7/15/2026 10:10:00 PM,CLUZ,01S_ENRO_G01,G,En,9779.85,
7/15/2026 10:05:00 PM,RTD,7/15/2026 10:10:00 PM,CLUZ,03STA-RI_G05,G,En,7080.90,
7/15/2026 10:05:00 PM,RTD,7/15/2026 10:10:00 PM,CLUZ,03STA-RI_G06,G,En,7080.90,
7/15/2026 10:05:00 PM,RTD,7/15/2026 10:10:00 PM,CVIS,05CARMEN_BAT,G,En,25000,
7/15/2026 10:10:00 PM,RTD,7/15/2026 10:15:00 PM,CLUZ,03STA-RI_G05,G,En,7080.90,
7/15/2026 10:10:00 PM,RTD,7/15/2026 10:15:00 PM,CLUZ,03STA-RI_G06,G,En,7080.90,
7/15/2026 10:15:00 PM,RTD,7/15/2026 10:20:00 PM,CLUZ,03STA-RI_G05,G,En,7080.90,
7/15/2026 10:15:00 PM,RTD,7/15/2026 10:20:00 PM,CLUZ,03STA-RI_G06,G,En,7080.90,
7/15/2026 10:15:00 PM,RTD,7/15/2026 10:20:00 PM,CVIS,05CPPC_U07,G,En,21000,
7/15/2026 10:20:00 PM,RTD,7/15/2026 10:25:00 PM,CLUZ,03STA-RI_G05,G,En,7080.90,
7/15/2026 10:20:00 PM,RTD,7/15/2026 10:25:00 PM,CLUZ,03STA-RI_G06,G,En,7080.90,
7/15/2026 10:20:00 PM,RTD,7/15/2026 10:25:00 PM,CMIN,09WMPC_U07,G,En,23000,
7/15/2026 10:25:00 PM,RTD,7/15/2026 10:30:00 PM,CLUZ,03STA-RI_G05,G,En,7080.90,
7/15/2026 10:25:00 PM,RTD,7/15/2026 10:30:00 PM,CLUZ,03STA-RI_G06,G,En,7080.90,
7/15/2026 10:25:00 PM,RTD,7/15/2026 10:30:00 PM,CMIN,12PKSFRA_U01,G,En,25000,
7/15/2026 10:25:00 PM,RTD,7/15/2026 10:30:00 PM,CMIN,12PKSFRA_U02,G,En,25000,
7/15/2026 10:30:00 PM,RTD,7/15/2026 10:35:00 PM,CLUZ,03STA-RI_G05,G,En,7080.90,
7/15/2026 10:30:00 PM,RTD,7/15/2026 10:35:00 PM,CLUZ,03STA-RI_G06,G,En,7080.90,
7/15/2026 10:35:00 PM,RTD,7/15/2026 10:40:00 PM,CLUZ,03STA-RI_G05,G,En,7080.90,
7/15/2026 10:35:00 PM,RTD,7/15/2026 10:40:00 PM,CLUZ,03STA-RI_G06,G,En,7080.90,
7/15/2026 10:35:00 PM,RTD,7/15/2026 10:40:00 PM,CMIN,09WMPC_U10,G,En,22500,
7/15/2026 10:40:00 PM,RTD,7/15/2026 10:45:00 PM,CLUZ,03STA-RI_G05,G,En,7080.90,
7/15/2026 10:40:00 PM,RTD,7/15/2026 10:45:00 PM,CLUZ,03STA-RI_G06,G,En,7080.90,
7/15/2026 10:45:00 PM,RTD,7/15/2026 10:50:00 PM,CLUZ,03STA-RI_G05,G,En,7080.90,
7/15/2026 10:45:00 PM,RTD,7/15/2026 10:50:00 PM,CLUZ,03STA-RI_G06,G,En,7080.90,
7/15/2026 10:45:00 PM,RTD,7/15/2026 10:50:00 PM,CMIN,09WMPC_U10,G,En,22500,
7/15/2026 10:50:00 PM,RTD,7/15/2026 10:55:00 PM,CLUZ,03STA-RI_G05,G,En,7080.90,
7/15/2026 10:50:00 PM,RTD,7/15/2026 10:55:00 PM,CLUZ,03STA-RI_G06,G,En,7080.90,
7/15/2026 10:55:00 PM,RTD,7/15/2026 11:00:00 PM,CLUZ,03SNGAB_G01,G,En,4948.35,
7/15/2026 10:55:00 PM,RTD,7/15/2026 11:00:00 PM,CMIN,10IDP1_U05,G,En,16250,
7/15/2026 11:00:00 PM,RTD,7/15/2026 11:05:00 PM,CMIN,10GNPK_U03,G,En,16800.0012,
7/15/2026 11:05:00 PM,RTD,7/15/2026 11:10:00 PM,CLUZ,03SNGAB_G01,G,En,4948.35,
7/15/2026 11:10:00 PM,RTD,7/15/2026 11:15:00 PM,CLUZ,03SNGAB_G01,G,En,4948.35,
7/15/2026 11:15:00 PM,RTD,7/15/2026 11:20:00 PM,CMIN,12TM2_U01,G,En,12000,
7/15/2026 11:20:00 PM,RTD,7/15/2026 11:25:00 PM,CLUZ,01MAGAT_BAT,G,En,32000,
7/15/2026 11:20:00 PM,RTD,7/15/2026 11:25:00 PM,CLUZ,03SNGAB_G01,G,En,4948.35,
7/15/2026 11:20:00 PM,RTD,7/15/2026 11:25:00 PM,CMIN,10GNPK_U01,G,En,6000.0030,
7/15/2026 11:25:00 PM,RTD,7/15/2026 11:30:00 PM,CLUZ,01SNMAN_BAT,G,En,32000,
7/15/2026 11:25:00 PM,RTD,7/15/2026 11:30:00 PM,CLUZ,03SNGAB_G01,G,En,4948.35,
7/15/2026 11:30:00 PM,RTD,7/15/2026 11:35:00 PM,CLUZ,01SNMAN_BAT,G,En,32000,
7/15/2026 11:30:00 PM,RTD,7/15/2026 11:35:00 PM,CLUZ,03SNGAB_G01,G,En,4948.35,
7/15/2026 11:35:00 PM,RTD,7/15/2026 11:40:00 PM,CLUZ,01SNMAN_BAT,G,En,32000,
7/15/2026 11:35:00 PM,RTD,7/15/2026 11:40:00 PM,CLUZ,03SNGAB_G01,G,En,4948.35,
7/15/2026 11:35:00 PM,RTD,7/15/2026 11:40:00 PM,CMIN,10GNPK_U01,G,En,5000,
7/15/2026 11:35:00 PM,RTD,7/15/2026 11:40:00 PM,CMIN,10GNPK_U02,G,En,5000,
7/15/2026 11:35:00 PM,RTD,7/15/2026 11:40:00 PM,CMIN,10GNPK_U03,G,En,5000,
7/15/2026 11:35:00 PM,RTD,7/15/2026 11:40:00 PM,CMIN,10GNPK_U04,G,En,5000,
7/15/2026 11:40:00 PM,RTD,7/15/2026 11:45:00 PM,CLUZ,01SNMAN_BAT,G,En,32000,
7/15/2026 11:40:00 PM,RTD,7/15/2026 11:45:00 PM,CLUZ,03SNGAB_G01,G,En,4948.35,
7/15/2026 11:45:00 PM,RTD,7/15/2026 11:50:00 PM,CLUZ,01SNMAN_BAT,G,En,32000,
7/15/2026 11:45:00 PM,RTD,7/15/2026 11:50:00 PM,CLUZ,03SNGAB_G01,G,En,4948.35,
7/15/2026 11:50:00 PM,RTD,7/15/2026 11:55:00 PM,CLUZ,01SNMAN_BAT,G,En,32000,
7/15/2026 11:50:00 PM,RTD,7/15/2026 11:55:00 PM,CLUZ,03SNGAB_G01,G,En,4948.35,
7/15/2026 11:55:00 PM,RTD,7/16/2026,CLUZ,01SNMAN_BAT,G,En,32000,
7/15/2026 11:55:00 PM,RTD,7/16/2026,CLUZ,03SNGAB_G01,G,En,4948.35,
EOF
